id,item
k0001,chocolate
k0001,Corn
k0001,Sugar
k0001,Dill
k0001,Yogurt
k0001,Ice cream
k0001,Bread
k0002,Milk
k0003,chocolate
k0003,Butter
k0003,Dill
k0003,Milk
k0003,Ice cream
k0003,Yogurt
k0003,Apple
k0004,Dill
k0004,Butter
k0004,Milk
k0004,Cheese
k0004,Onion
k0004,Nutmeg
k0005,Bread
k0005,Apple
k0006,Butter
k0006,Bread
k0006,Unicorn
k0006,Ice cream
k0006,chocolate
k0006,Apple
k0006,Nutmeg
k0006,Cheese
k0006,Dill
k0006,Yogurt
k0007,Onion
k0007,Ice cream
k0007,Milk
k0007,Butter
k0007,Eggs
k0007,Nutmeg
k0007,Kidney Beans
k0007,Yogurt
k0008,Sugar
k0008,Yogurt
k0008,Nutmeg
k0008,Apple
k0008,Cheese
k0008,Eggs
k0009,chocolate
k0009,Sugar
k0009,Ice cream
k0009,Dill
k0009,Onion
k0009,Apple
k0009,Milk
k0009,Yogurt
k0009,Nutmeg
k0009,Unicorn
k0009,Corn
k0009,Eggs
k0010,Apple
k0010,Eggs
k0010,Dill
k0010,Unicorn
k0010,Ice cream
k0010,Sugar
k0010,Milk
k0010,chocolate
k0010,Onion
k0011,Unicorn
k0011,Cheese
k0011,Sugar
k0011,Ice cream
k0011,Bread
k0011,Apple
k0012,Cheese
k0012,Yogurt
k0012,Nutmeg
k0012,chocolate
k0012,Kidney Beans
k0012,Sugar
k0012,Apple
k0012,Bread
k0012,Ice cream
k0012,Eggs
k0012,Dill
k0013,chocolate
k0013,Unicorn
k0013,Onion
k0014,Ice cream
k0014,Yogurt
k0014,Sugar
k0015,Kidney Beans
k0015,Butter
k0016,Yogurt
k0017,Sugar
k0017,Butter
k0017,Cheese
k0017,Apple
k0017,Nutmeg
k0017,Bread
k0017,Ice cream
k0018,Apple
k0018,chocolate
k0018,Yogurt
k0018,Eggs
k0019,Cheese
k0019,Bread
k0019,Kidney Beans
k0019,Sugar
k0020,Bread
k0020,Sugar
k0020,Corn
k0020,Unicorn
k0020,Milk
k0020,Kidney Beans
k0020,Nutmeg
k0020,Ice cream
k0021,Apple
k0021,Cheese
k0021,Ice cream
k0021,Unicorn
k0021,Sugar
k0022,Kidney Beans
k0022,Yogurt
k0022,Cheese
k0022,Unicorn
k0022,Butter
k0022,Apple
k0023,Cheese
k0023,Ice cream
k0023,Dill
k0023,Unicorn
k0023,Eggs
k0023,chocolate
k0023,Bread
k0023,Milk
k0023,Yogurt
k0023,Kidney Beans
k0024,Kidney Beans
k0024,Butter
k0024,Ice cream
k0024,Sugar
k0024,Cheese
k0024,Bread
k0024,Eggs
k0024,chocolate
k0024,Unicorn
k0025,Kidney Beans
k0025,Milk
k0025,Onion
k0025,Nutmeg
k0025,Bread
k0025,Corn
k0025,Unicorn
k0025,Yogurt
k0025,Eggs
k0026,Eggs
k0026,Yogurt
k0026,Bread
k0026,Butter
k0026,chocolate
k0026,Milk
k0027,Corn
k0027,chocolate
k0027,Bread
k0027,Cheese
k0027,Unicorn
k0027,Butter
k0027,Kidney Beans
k0027,Milk
k0028,Butter
k0028,Bread
k0029,Butter
k0029,Milk
k0029,Unicorn
k0029,Kidney Beans
k0029,chocolate
k0029,Nutmeg
k0029,Yogurt
k0029,Bread
k0030,Onion
k0030,Bread
k0030,Apple
k0030,Ice cream
k0030,Yogurt
k0031,chocolate
k0031,Dill
k0031,Corn
k0031,Milk
k0031,Unicorn
k0032,Bread
k0032,Yogurt
k0032,Apple
k0032,Dill
k0032,Milk
k0032,Butter
k0032,Unicorn
k0033,Cheese
k0033,Eggs
k0033,Kidney Beans
k0034,Sugar
k0034,Dill
k0034,Nutmeg
k0034,Milk
k0035,Dill
k0035,chocolate
k0035,Onion
k0035,Bread
k0035,Ice cream
k0036,Eggs
k0036,Dill
k0036,Unicorn
k0036,Cheese
k0036,Onion
k0036,chocolate
k0037,Cheese
k0037,Apple
k0037,Yogurt
k0037,Nutmeg
k0037,Corn
k0037,Onion
k0037,Dill
k0037,Unicorn
k0037,Kidney Beans
k0037,chocolate
k0037,Ice cream
k0038,chocolate
k0038,Ice cream
k0038,Milk
k0038,Nutmeg
k0038,Eggs
k0038,Corn
k0039,Butter
k0039,Kidney Beans
k0039,Sugar
k0040,Cheese
k0040,Nutmeg
k0040,Corn
k0040,Eggs
k0040,Bread
k0040,Ice cream
k0040,Yogurt
k0041,Bread
k0041,Butter
k0041,Corn
k0041,Eggs
k0041,Unicorn
k0041,Cheese
k0041,chocolate
k0041,Apple
k0041,Kidney Beans
k0042,Yogurt
k0042,Bread
k0042,chocolate
k0042,Butter
k0043,Bread
k0043,Onion
k0044,Ice cream
k0044,Milk
k0044,chocolate
k0044,Bread
k0044,Corn
k0044,Apple
k0044,Onion
k0044,Dill
k0044,Kidney Beans
k0045,Ice cream
k0045,Sugar
k0046,Bread
k0046,Unicorn
k0046,Ice cream
k0046,Eggs
k0046,Corn
k0046,Milk
k0046,Dill
k0047,Onion
k0048,Apple
k0048,Onion
k0048,chocolate
k0049,Yogurt
k0049,chocolate
k0049,Bread
k0049,Dill
k0049,Sugar
k0050,Onion
k0050,Cheese
k0050,Eggs
k0050,Butter
k0050,Sugar
k0050,Dill
k0050,Bread
k0050,Nutmeg
k0051,Dill
k0051,chocolate
k0051,Unicorn
k0051,Cheese
k0051,Butter
k0051,Milk
k0051,Corn
k0051,Kidney Beans
k0051,Apple
k0052,chocolate
k0052,Sugar
k0052,Unicorn
k0052,Onion
k0052,Bread
k0052,Apple
k0052,Butter
k0053,Corn
k0053,Eggs
k0053,Apple
k0053,Nutmeg
k0053,Ice cream
k0053,Sugar
k0053,Kidney Beans
k0053,Unicorn
k0054,Sugar
k0054,Dill
k0054,Unicorn
k0055,Apple
k0056,Bread
k0056,Ice cream
k0056,Nutmeg
k0056,Unicorn
k0057,Bread
k0057,Kidney Beans
k0057,Yogurt
k0057,chocolate
k0057,Nutmeg
k0057,Milk
k0057,Corn
k0057,Dill
k0058,Kidney Beans
k0058,Yogurt
k0058,Ice cream
k0059,Milk
k0059,Apple
k0059,Ice cream
k0059,Kidney Beans
k0059,Dill
k0059,Nutmeg
k0059,Cheese
k0060,Yogurt
k0060,chocolate
k0061,Onion
k0061,Milk
k0061,chocolate
k0061,Apple
k0062,Nutmeg
k0062,Cheese
k0062,Apple
k0062,Bread
k0062,Kidney Beans
k0062,Sugar
k0062,Yogurt
k0062,Milk
k0063,Eggs
k0063,Cheese
k0063,chocolate
k0063,Bread
k0063,Corn
k0063,Milk
k0063,Dill
k0063,Butter
k0063,Yogurt
k0063,Nutmeg
k0064,Yogurt
k0065,Unicorn
k0065,Milk
k0065,Ice cream
k0065,Sugar
k0065,Onion
k0065,chocolate
k0066,Ice cream
k0066,Unicorn
k0066,Milk
k0066,Bread
k0066,Corn
k0066,Sugar
k0066,Onion
k0066,Yogurt
k0066,Eggs
k0066,Dill
k0066,Apple
k0067,Nutmeg
k0067,Yogurt
k0067,Ice cream
k0067,Corn
k0067,Onion
k0067,Sugar
k0067,chocolate
k0067,Apple
k0067,Butter
k0067,Kidney Beans
k0068,Ice cream
k0068,chocolate
k0068,Yogurt
k0068,Kidney Beans
k0068,Dill
k0068,Onion
k0068,Unicorn
k0068,Cheese
k0068,Milk
k0068,Sugar
k0068,Bread
k0069,Unicorn
k0070,Corn
k0070,Milk
k0070,Dill
k0070,Eggs
k0070,Yogurt
k0070,Cheese
k0070,Bread
k0071,Sugar
k0071,chocolate
k0071,Unicorn
k0071,Dill
k0071,Ice cream
k0072,Eggs
k0072,chocolate
k0072,Bread
k0072,Kidney Beans
k0072,Ice cream
k0072,Dill
k0072,Yogurt
k0073,chocolate
k0073,Corn
k0073,Nutmeg
k0073,Sugar
k0073,Kidney Beans
k0073,Apple
k0073,Eggs
k0074,Butter
k0074,Unicorn
k0074,Yogurt
k0074,Sugar
k0074,chocolate
k0074,Ice cream
k0074,Nutmeg
k0074,Corn
k0074,Onion
k0075,Onion
k0076,Bread
k0076,Apple
k0076,Unicorn
k0076,chocolate
k0076,Dill
k0076,Corn
k0076,Milk
k0076,Cheese
k0076,Ice cream
k0077,Eggs
k0077,Ice cream
k0077,Nutmeg
k0077,Apple
k0078,Butter
k0078,Onion
k0078,chocolate
k0078,Bread
k0078,Nutmeg
k0078,Apple
k0078,Yogurt
k0078,Dill
k0079,Cheese
k0079,chocolate
k0079,Dill
k0079,Nutmeg
k0079,Onion
k0079,Ice cream
k0079,Kidney Beans
k0079,Sugar
k0080,Butter
k0080,Nutmeg
k0080,Ice cream
k0080,Cheese
k0081,Cheese
k0081,Yogurt
k0081,Eggs
k0081,Unicorn
k0081,Onion
k0082,Bread
k0082,Unicorn
k0082,Dill
k0082,Yogurt
k0082,Eggs
k0082,Butter
k0082,Onion
k0082,Cheese
k0083,Corn
k0083,Apple
k0083,Sugar
k0083,Butter
k0084,Apple
k0085,Corn
k0085,Ice cream
k0085,Apple
k0085,Unicorn
k0085,Bread
k0085,Kidney Beans
k0085,Nutmeg
k0085,Butter
k0085,Cheese
k0085,Yogurt
k0085,Milk
k0086,Sugar
k0086,Yogurt
k0086,Butter
k0086,Milk
k0086,chocolate
k0086,Apple
k0086,Onion
k0087,chocolate
k0087,Corn
k0087,Kidney Beans
k0087,Nutmeg
k0087,Milk
k0087,Dill
k0087,Apple
k0088,Sugar
k0088,Kidney Beans
k0088,Onion
k0088,Yogurt
k0088,Eggs
k0088,Unicorn
k0088,Butter
k0088,Nutmeg
k0089,chocolate
k0089,Cheese
k0089,Ice cream
k0089,Dill
k0089,Apple
k0090,Onion
k0090,Apple
k0090,Cheese
k0090,Dill
k0090,Kidney Beans
k0090,Eggs
k0090,Corn
k0090,Nutmeg
k0090,Yogurt
k0090,Sugar
k0090,Unicorn
k0090,chocolate
k0091,Sugar
k0091,Apple
k0091,Bread
k0091,Dill
k0091,Corn
k0091,Yogurt
k0091,Unicorn
k0091,chocolate
k0091,Onion
k0091,Kidney Beans
k0091,Nutmeg
k0091,Butter
k0092,Corn
k0092,Ice cream
k0092,Yogurt
k0092,Nutmeg
k0092,Milk
k0092,Cheese
k0092,chocolate
k0092,Dill
k0092,Onion
k0092,Eggs
k0092,Kidney Beans
k0093,Corn
k0093,Butter
k0093,Sugar
k0093,Yogurt
k0093,Unicorn
k0093,chocolate
k0093,Onion
k0093,Apple
k0093,Dill
k0094,Ice cream
k0094,Nutmeg
k0094,Cheese
k0094,Yogurt
k0094,chocolate
k0094,Eggs
k0094,Corn
k0094,Butter
k0094,Bread
k0094,Onion
k0095,Dill
k0095,Milk
k0095,Nutmeg
k0095,Yogurt
k0095,Apple
k0095,Onion
k0096,Corn
k0096,Dill
k0096,Bread
k0096,Onion
k0096,Milk
k0097,Dill
k0097,Corn
k0097,Butter
k0097,Yogurt
k0097,Kidney Beans
k0097,Apple
k0097,Nutmeg
k0098,Yogurt
k0099,Onion
k0099,Unicorn
k0099,Sugar
k0099,Apple
k0099,Butter
k0099,Milk
k0099,Yogurt
k0099,Kidney Beans
k0099,Eggs
k0099,Corn
k0100,Bread
k0100,Yogurt
k0100,Eggs
k0100,Butter
k0100,Kidney Beans
k0100,chocolate
k0100,Onion
k0100,Cheese
k0100,Corn
k0100,Milk
k0100,Sugar
k0101,Eggs
k0101,Bread
k0102,Cheese
k0102,Butter
k0102,Milk
k0102,Ice cream
k0102,chocolate
k0102,Sugar
k0102,Bread
k0103,Cheese
k0103,Yogurt
k0103,Eggs
k0103,Sugar
k0103,chocolate
k0104,Bread
k0104,Unicorn
k0105,Unicorn
k0105,Sugar
k0105,Ice cream
k0105,Nutmeg
k0105,Cheese
k0105,Onion
k0105,Eggs
k0105,Bread
k0106,Eggs
k0106,Milk
k0106,Corn
k0107,Apple
k0107,Cheese
k0107,Onion
k0107,Dill
k0107,Kidney Beans
k0107,Unicorn
k0107,Eggs
k0107,chocolate
k0108,Yogurt
k0108,Kidney Beans
k0108,Unicorn
k0109,Yogurt
k0110,Nutmeg
k0111,Yogurt
k0111,Corn
k0111,Dill
k0111,Apple
k0111,Nutmeg
k0111,Cheese
k0111,Onion
k0111,Milk
k0112,Bread
k0112,Sugar
k0112,Unicorn
k0112,Yogurt
k0112,Cheese
k0112,Onion
k0112,Corn
k0112,chocolate
k0112,Butter
k0112,Apple
k0112,Dill
k0113,Ice cream
k0113,Milk
k0113,Kidney Beans
k0113,chocolate
k0113,Apple
k0113,Corn
k0113,Eggs
k0113,Nutmeg
k0113,Bread
k0114,Eggs
k0114,Kidney Beans
k0114,Onion
k0114,Milk
k0114,Nutmeg
k0114,Butter
k0115,Nutmeg
k0115,Yogurt
k0115,Dill
k0115,Onion
k0115,Eggs
k0115,Apple
k0115,Bread
k0115,Cheese
k0115,Sugar
k0116,Cheese
k0116,Eggs
k0116,Apple
k0116,Kidney Beans
k0117,Onion
k0117,Unicorn
k0117,Eggs
k0117,Ice cream
k0117,Sugar
k0117,Butter
k0117,Bread
k0117,Corn
k0118,Butter
k0118,Onion
k0118,Milk
k0118,Bread
k0118,Cheese
k0118,Apple
k0118,Sugar
k0118,chocolate
k0119,Dill
k0119,Corn
k0119,Ice cream
k0119,Apple
k0119,Sugar
k0119,Yogurt
k0119,Cheese
k0120,Onion
k0120,Corn
k0120,Nutmeg
k0120,chocolate
k0120,Eggs
k0120,Unicorn
k0120,Yogurt
k0121,Cheese
k0121,Ice cream
k0121,Butter
k0121,Sugar
k0121,Dill
k0122,Yogurt
k0122,Onion
k0122,Nutmeg
k0122,Cheese
k0123,Kidney Beans
k0123,Yogurt
k0123,Unicorn
k0123,Butter
k0123,Corn
k0123,Ice cream
k0124,Kidney Beans
k0124,chocolate
k0124,Corn
k0124,Dill
k0124,Bread
k0124,Yogurt
k0124,Eggs
k0124,Nutmeg
k0125,Cheese
k0126,Butter
k0126,Bread
k0126,Eggs
k0126,Yogurt
k0126,Dill
k0127,chocolate
k0127,Yogurt
k0127,Ice cream
k0127,Apple
k0127,Onion
k0128,Sugar
k0128,Nutmeg
k0128,chocolate
k0128,Kidney Beans
k0129,Eggs
k0129,Sugar
k0129,Yogurt
k0129,Nutmeg
k0129,Corn
k0129,Cheese
k0129,Onion
k0129,Unicorn
k0129,Milk
k0129,Butter
k0129,Apple
k0130,Corn
k0130,Milk
k0130,Ice cream
k0130,Butter
k0130,Sugar
k0130,Onion
k0130,Nutmeg
k0130,chocolate
k0130,Kidney Beans
k0130,Bread
k0130,Yogurt
k0131,chocolate
k0131,Butter
k0131,Unicorn
k0131,Yogurt
k0131,Apple
k0132,Dill
k0132,Bread
k0132,Nutmeg
k0132,Milk
k0132,Butter
k0132,chocolate
k0132,Apple
k0132,Sugar
k0133,Nutmeg
k0133,Yogurt
k0133,Eggs
k0133,Onion
k0133,Cheese
k0133,Apple
k0133,Unicorn
k0133,Sugar
k0133,Dill
k0134,chocolate
k0134,Cheese
k0134,Eggs
k0134,Unicorn
k0134,Dill
k0134,Kidney Beans
k0134,Nutmeg
k0134,Milk
k0135,Kidney Beans
k0135,Nutmeg
k0135,Sugar
k0136,Ice cream
k0136,Nutmeg
k0136,Yogurt
k0136,Cheese
k0136,Butter
k0136,Dill
k0136,Onion
k0136,Kidney Beans
k0136,Corn
k0137,Dill
k0137,Bread
k0137,Yogurt
k0137,Unicorn
k0137,chocolate
k0137,Butter
k0137,Onion
k0137,Milk
k0137,Ice cream
k0137,Eggs
k0138,chocolate
k0138,Apple
k0138,Yogurt
k0138,Dill
k0138,Corn
k0138,Eggs
k0138,Milk
k0139,Kidney Beans
k0140,Cheese
k0140,Onion
k0140,Corn
k0140,Milk
k0140,Kidney Beans
k0141,Corn
k0141,Unicorn
k0141,Nutmeg
k0141,Ice cream
k0141,Cheese
k0141,chocolate
k0141,Sugar
k0141,Apple
k0141,Milk
k0141,Butter
k0141,Kidney Beans
k0141,Dill
k0142,Unicorn
k0142,Apple
k0142,Nutmeg
k0142,Yogurt
k0142,Butter
k0142,Milk
k0142,Bread
k0142,Corn
k0143,Cheese
k0143,Eggs
k0143,Dill
k0143,Unicorn
k0144,Onion
k0144,Kidney Beans
k0144,Yogurt
k0144,Apple
k0144,Corn
k0144,Sugar
k0144,Eggs
k0144,Bread
k0144,Ice cream
k0145,Unicorn
k0145,Milk
k0145,Kidney Beans
k0145,Sugar
k0145,Nutmeg
k0145,Yogurt
k0146,Corn
k0146,Milk
k0146,Onion
k0146,Nutmeg
k0146,Kidney Beans
k0146,Sugar
k0146,Unicorn
k0146,Bread
k0146,Butter
k0146,Cheese
k0147,Dill
k0147,Sugar
k0147,Ice cream
k0147,Milk
k0147,Onion
k0148,Dill
k0148,chocolate
k0148,Nutmeg
k0148,Unicorn
k0148,Sugar
k0148,Corn
k0148,Ice cream
k0148,Kidney Beans
k0149,Eggs
k0149,Cheese
k0149,Bread
k0149,chocolate
k0149,Apple
k0150,Nutmeg
k0150,Unicorn
k0150,Sugar
k0150,Eggs
k0150,Yogurt
k0151,Yogurt
k0151,Onion
k0151,Unicorn
k0151,Nutmeg
k0151,Apple
k0151,Corn
k0151,Sugar
k0151,Butter
k0151,Ice cream
k0151,Bread
k0152,Yogurt
k0152,Nutmeg
k0152,Cheese
k0152,Kidney Beans
k0152,Corn
k0152,Sugar
k0152,Ice cream
k0153,Kidney Beans
k0154,Unicorn
k0155,Cheese
k0155,Kidney Beans
k0155,Milk
k0155,Unicorn
k0155,Sugar
k0156,Sugar
k0156,Kidney Beans
k0156,Unicorn
k0156,Corn
k0157,Yogurt
k0157,Bread
k0157,Kidney Beans
k0157,Butter
k0157,Corn
k0158,Yogurt
k0158,Kidney Beans
k0158,Dill
k0158,Eggs
k0158,Sugar
k0158,Onion
k0158,Ice cream
k0158,Apple
k0158,Milk
k0158,Butter
k0159,Corn
k0160,Corn
k0160,Nutmeg
k0160,Milk
k0160,Apple
k0160,Sugar
k0161,Dill
k0162,Nutmeg
k0162,Kidney Beans
k0162,Corn
k0162,chocolate
k0162,Unicorn
k0162,Eggs
k0162,Ice cream
k0163,Milk
k0163,Kidney Beans
k0163,Sugar
k0163,Unicorn
k0163,Eggs
k0163,Nutmeg
k0164,Ice cream
k0164,Milk
k0164,Yogurt
k0164,Onion
k0164,Butter
k0164,Dill
k0164,Unicorn
k0164,chocolate
k0164,Sugar
k0164,Eggs
k0164,Corn
k0165,Eggs
k0165,Apple
k0165,chocolate
k0165,Unicorn
k0165,Sugar
k0165,Ice cream
k0165,Butter
k0165,Corn
k0165,Dill
k0166,Yogurt
k0167,Unicorn
k0167,Corn
k0167,Butter
k0167,Bread
k0167,Apple
k0167,chocolate
k0167,Sugar
k0167,Ice cream
k0167,Kidney Beans
k0167,Eggs
k0167,Cheese
k0167,Nutmeg
k0168,Unicorn
k0168,Bread
k0168,Dill
k0168,Nutmeg
k0168,Onion
k0168,Yogurt
k0169,Ice cream
k0170,Bread
k0170,Apple
k0171,Butter
k0171,Kidney Beans
k0171,Sugar
k0171,chocolate
k0171,Ice cream
k0171,Eggs
k0171,Nutmeg
k0171,Bread
k0172,Apple
k0172,Kidney Beans
k0172,Sugar
k0172,Nutmeg
k0172,Cheese
k0172,Yogurt
k0172,Butter
k0172,Unicorn
k0172,Ice cream
k0172,Dill
k0173,Onion
k0173,chocolate
k0174,Eggs
k0174,chocolate
k0174,Bread
k0174,Sugar
k0175,Onion
k0175,chocolate
k0175,Cheese
k0175,Bread
k0176,Cheese
k0176,Nutmeg
k0176,Butter
k0177,Kidney Beans
k0177,Cheese
k0177,Unicorn
k0177,Eggs
k0177,Nutmeg
k0177,Yogurt
k0177,Butter
k0177,Milk
k0177,Dill
k0178,Corn
k0178,Nutmeg
k0178,Milk
k0178,Bread
k0178,chocolate
k0178,Sugar
k0178,Yogurt
k0178,Cheese
k0179,Kidney Beans
k0179,Bread
k0180,Ice cream
k0180,Milk
k0180,chocolate
k0181,Milk
k0181,Sugar
k0181,Butter
k0181,Dill
k0181,Corn
k0181,Cheese
k0181,chocolate
k0181,Unicorn
k0182,Yogurt
k0182,Eggs
k0182,Cheese
k0182,chocolate
k0182,Butter
k0182,Sugar
k0182,Onion
k0182,Apple
k0183,Nutmeg
k0183,Dill
k0184,chocolate
k0184,Onion
k0184,Milk
k0184,Kidney Beans
k0184,Corn
k0184,Unicorn
k0184,Apple
k0184,Nutmeg
k0184,Eggs
k0184,Bread
k0184,Butter
k0184,Yogurt
k0185,Nutmeg
k0185,chocolate
k0185,Butter
k0186,chocolate
k0186,Ice cream
k0186,Yogurt
k0186,Milk
k0186,Nutmeg
k0186,Unicorn
k0186,Onion
k0186,Cheese
k0186,Butter
k0186,Kidney Beans
k0187,Nutmeg
k0187,Eggs
k0187,Dill
k0187,Cheese
k0187,Apple
k0187,chocolate
k0187,Milk
k0187,Unicorn
k0187,Ice cream
k0187,Kidney Beans
k0187,Yogurt
k0187,Onion
k0187,Butter
k0188,Corn
k0188,Onion
k0188,Unicorn
k0188,chocolate
k0188,Ice cream
k0188,Yogurt
k0188,Nutmeg
k0189,Butter
k0189,Cheese
k0189,Sugar
k0189,Corn
k0189,Kidney Beans
k0189,Apple
k0189,Yogurt
k0189,Unicorn
k0189,Dill
k0190,Nutmeg
k0190,Yogurt
k0190,Sugar
k0190,Milk
k0190,chocolate
k0190,Kidney Beans
k0190,Apple
k0190,Unicorn
k0190,Corn
k0190,Dill
k0190,Bread
k0191,Ice cream
k0191,Cheese
k0191,Apple
k0191,Kidney Beans
k0191,Corn
k0191,Yogurt
k0192,Cheese
k0192,Apple
k0192,Milk
k0193,Ice cream
k0193,Cheese
k0193,Nutmeg
k0193,Butter
k0193,Onion
k0193,Dill
k0193,chocolate
k0193,Apple
k0193,Bread
k0193,Sugar
k0194,Kidney Beans
k0194,Eggs
k0194,Unicorn
k0194,Corn
k0194,Onion
k0194,Cheese
k0194,Yogurt
k0195,Onion
k0195,Dill
k0195,Unicorn
k0195,Eggs
k0195,Ice cream
k0195,chocolate
k0195,Butter
k0195,Cheese
k0196,Dill
k0196,Milk
k0196,Corn
k0197,Cheese
k0197,Apple
k0197,Corn
k0197,Unicorn
k0197,Eggs
k0197,Bread
k0197,Sugar
k0197,Dill
k0197,Milk
k0197,Onion
k0198,Onion
k0198,Eggs
k0198,Nutmeg
k0198,Milk
k0198,Bread
k0198,Cheese
k0198,Butter
k0198,Kidney Beans
k0199,Milk
k0199,chocolate
k0199,Apple
k0199,Ice cream
k0200,Kidney Beans
k0200,Butter
k0200,Cheese
k0200,Ice cream
k0200,Sugar
k0200,Yogurt
k0200,Dill
k0200,Milk
k0201,Onion
k0201,Dill
k0201,Ice cream
k0201,Nutmeg
k0201,chocolate
k0202,Ice cream
k0202,Sugar
k0202,chocolate
k0202,Milk
k0202,Unicorn
k0202,Butter
k0203,Eggs
k0203,Milk
k0203,Ice cream
k0203,Butter
k0203,Unicorn
k0203,Bread
k0203,Kidney Beans
k0203,Dill
k0203,Onion
k0204,Ice cream
k0204,Unicorn
k0205,Yogurt
k0205,Eggs
k0205,Bread
k0205,Cheese
k0205,Dill
k0205,Ice cream
k0205,Unicorn
k0205,Kidney Beans
k0206,Apple
k0206,Sugar
k0206,Corn
k0207,Cheese
k0207,Milk
k0207,chocolate
k0207,Sugar
k0207,Yogurt
k0207,Corn
k0208,Sugar
k0208,Unicorn
k0208,Cheese
k0208,Nutmeg
k0208,Kidney Beans
k0208,Onion
k0209,Sugar
k0209,Unicorn
k0209,Yogurt
k0209,Nutmeg
k0210,Ice cream
k0210,Cheese
k0210,Bread
k0210,Dill
k0210,Nutmeg
k0210,chocolate
k0210,Unicorn
k0210,Onion
k0210,Butter
k0211,Eggs
k0211,Ice cream
k0211,Corn
k0211,Bread
k0211,Dill
k0211,Sugar
k0211,Kidney Beans
k0211,Yogurt
k0211,Butter
k0211,Apple
k0212,Bread
k0212,Apple
k0212,Corn
k0212,Ice cream
k0212,Kidney Beans
k0212,chocolate
k0212,Butter
k0213,Yogurt
k0213,chocolate
k0213,Nutmeg
k0213,Milk
k0213,Eggs
k0213,Cheese
k0213,Butter
k0213,Bread
k0214,Eggs
k0215,Onion
k0215,chocolate
k0215,Eggs
k0215,Butter
k0215,Kidney Beans
k0215,Milk
k0215,Yogurt
k0216,Dill
k0216,Nutmeg
k0216,Butter
k0216,Unicorn
k0216,chocolate
k0216,Sugar
k0217,Bread
k0217,chocolate
k0217,Onion
k0217,Cheese
k0217,Butter
k0217,Eggs
k0217,Ice cream
k0217,Corn
k0217,Nutmeg
k0217,Milk
k0218,Corn
k0218,Eggs
k0218,Nutmeg
k0218,Apple
k0218,Ice cream
k0219,Bread
k0219,Unicorn
k0219,Apple
k0219,Sugar
k0219,Dill
k0219,Nutmeg
k0220,Dill
k0220,Onion
k0221,chocolate
k0221,Ice cream
k0221,Onion
k0221,Nutmeg
k0221,Eggs
k0222,Milk
k0222,Nutmeg
k0222,Eggs
k0222,Apple
k0222,Yogurt
k0222,Bread
k0222,Sugar
k0222,Onion
k0222,Kidney Beans
k0223,Kidney Beans
k0223,Cheese
k0223,Eggs
k0223,chocolate
k0224,Butter
k0224,Yogurt
k0224,Bread
k0224,Onion
k0224,chocolate
k0224,Nutmeg
k0224,Dill
k0225,Cheese
k0225,Unicorn
k0225,Dill
k0225,Apple
k0225,Milk
k0225,Eggs
k0225,Kidney Beans
k0225,Nutmeg
k0225,Sugar
k0225,Corn
k0225,Butter
k0225,Ice cream
k0226,Apple
k0226,Milk
k0226,Sugar
k0226,Butter
k0226,Eggs
k0226,Ice cream
k0227,Unicorn
k0227,Eggs
k0227,Yogurt
k0227,Sugar
k0227,Corn
k0227,Cheese
k0228,Unicorn
k0228,Bread
k0229,Corn
k0229,Apple
k0229,Sugar
k0229,Eggs
k0229,Onion
k0229,Dill
k0229,Ice cream
k0229,Cheese
k0229,Nutmeg
k0229,Butter
k0229,Unicorn
k0230,Apple
k0230,Corn
k0231,Bread
k0231,chocolate
k0231,Corn
k0231,Dill
k0231,Milk
k0232,Apple
k0232,Cheese
k0232,Nutmeg
k0232,Corn
k0232,Dill
k0232,Sugar
k0233,chocolate
k0233,Milk
k0233,Yogurt
k0233,Butter
k0233,Ice cream
k0234,Sugar
k0234,Nutmeg
k0234,Corn
k0234,Cheese
k0235,Bread
k0235,Apple
k0236,Dill
k0237,Ice cream
k0237,Nutmeg
k0237,Sugar
k0237,Unicorn
k0238,Corn
k0238,Onion
k0239,Nutmeg
k0239,Milk
k0239,Sugar
k0239,chocolate
k0239,Kidney Beans
k0239,Cheese
k0239,Apple
k0239,Corn
k0239,Yogurt
k0239,Onion
k0239,Ice cream
k0239,Butter
k0239,Bread
k0240,Unicorn
k0240,Yogurt
k0240,Corn
k0240,Bread
k0240,Butter
k0241,Yogurt
k0241,Unicorn
k0241,Bread
k0242,Milk
k0242,chocolate
k0242,Bread
k0242,Apple
k0242,Dill
k0242,Corn
k0243,Dill
k0244,Sugar
k0244,Unicorn
k0244,Kidney Beans
k0244,Butter
k0244,Ice cream
k0244,chocolate
k0244,Milk
k0244,Cheese
k0244,Apple
k0244,Yogurt
k0245,Ice cream
k0245,Dill
k0245,Sugar
k0245,Eggs
k0245,Bread
k0246,Corn
k0246,Onion
k0246,Apple
k0246,Unicorn
k0246,Milk
k0246,chocolate
k0246,Yogurt
k0246,Cheese
k0246,Nutmeg
k0247,Onion
k0247,Kidney Beans
k0247,Corn
k0247,Butter
k0248,Onion
k0248,Corn
k0248,Apple
k0248,Nutmeg
k0248,Dill
k0249,Cheese
k0249,Nutmeg
k0249,Unicorn
k0249,Milk
k0249,Eggs
k0249,Bread
k0250,Kidney Beans
k0250,Butter
k0250,Milk
k0250,chocolate
k0250,Cheese
k0250,Ice cream
k0250,Apple
k0251,Onion
k0251,Dill
k0251,chocolate
k0251,Ice cream
k0251,Yogurt
k0251,Nutmeg
k0251,Butter
k0251,Corn
k0251,Eggs
k0252,Bread
k0252,Sugar
k0252,Apple
k0252,Ice cream
k0252,Kidney Beans
k0252,Onion
k0252,Butter
k0252,Cheese
k0253,Butter
k0254,Bread
k0254,Nutmeg
k0254,Unicorn
k0254,Butter
k0254,Dill
k0254,Yogurt
k0255,Corn
k0255,Bread
k0255,Yogurt
k0256,Apple
k0256,Nutmeg
k0256,Corn
k0256,chocolate
k0256,Butter
k0256,Kidney Beans
k0256,Milk
k0256,Ice cream
k0256,Onion
k0256,Dill
k0257,Yogurt
k0257,Corn
k0258,chocolate
k0258,Corn
k0258,Cheese
k0258,Apple
k0258,Ice cream
k0258,Unicorn
k0258,Kidney Beans
k0258,Sugar
k0258,Nutmeg
k0258,Butter
k0259,Cheese
k0260,Milk
k0260,Sugar
k0260,Ice cream
k0260,Butter
k0260,chocolate
k0260,Unicorn
k0260,Kidney Beans
k0261,Eggs
k0261,Kidney Beans
k0261,Corn
k0261,Nutmeg
k0261,Milk
k0262,Cheese
k0262,Unicorn
k0262,chocolate
k0262,Milk
k0262,Dill
k0262,Apple
k0262,Corn
k0262,Onion
k0262,Kidney Beans
k0262,Sugar
k0263,Corn
k0263,Butter
k0263,Apple
k0263,Unicorn
k0263,Ice cream
k0263,Bread
k0263,Dill
k0263,Onion
k0263,Cheese
k0263,Eggs
k0264,Sugar
k0264,Unicorn
k0264,Apple
k0264,Cheese
k0264,Corn
k0264,Nutmeg
k0264,Onion
k0264,Dill
k0264,Eggs
k0264,chocolate
k0265,Dill
k0265,Corn
k0266,Apple
k0267,Butter
k0267,Kidney Beans
k0267,Ice cream
k0268,Eggs
k0268,Sugar
k0268,Corn
k0268,Apple
k0268,Kidney Beans
k0268,Onion
k0268,Yogurt
k0268,Cheese
k0268,Dill
k0268,Milk
k0268,Unicorn
k0268,Bread
k0269,Nutmeg
k0269,Yogurt
k0269,Sugar
k0269,Unicorn
k0269,Bread
k0269,chocolate
k0269,Ice cream
k0269,Corn
k0269,Kidney Beans
k0269,Cheese
k0270,Kidney Beans
k0271,Bread
k0271,Apple
k0271,Yogurt
k0271,Milk
k0271,Corn
k0271,Nutmeg
k0271,Onion
k0272,Corn
k0272,Onion
k0272,Cheese
k0272,Eggs
k0272,Yogurt
k0272,Bread
k0272,chocolate
k0272,Butter
k0272,Nutmeg
k0273,Milk
k0273,Corn
k0273,Kidney Beans
k0273,Unicorn
k0274,Cheese
k0274,Onion
k0274,Ice cream
k0274,Nutmeg
k0274,Unicorn
k0274,Apple
k0274,Bread
k0275,Dill
k0275,Onion
k0275,Kidney Beans
k0275,Cheese
k0275,Sugar
k0275,Nutmeg
k0276,Kidney Beans
k0276,Butter
k0276,Apple
k0276,Dill
k0276,Unicorn
k0276,Onion
k0276,Corn
k0276,Milk
k0277,Unicorn
k0277,Yogurt
k0277,Bread
k0277,Butter
k0277,Apple
k0277,Sugar
k0277,Eggs
k0277,Corn
k0277,Ice cream
k0278,Cheese
k0278,Kidney Beans
k0278,Eggs
k0278,Yogurt
k0278,Onion
k0278,Butter
k0278,Unicorn
k0278,Ice cream
k0279,Yogurt
k0279,Butter
k0279,Milk
k0279,Bread
k0279,Unicorn
k0279,Corn
k0280,Ice cream
k0280,Unicorn
k0280,Butter
k0280,Yogurt
k0280,Apple
k0280,Sugar
k0280,Corn
k0280,Bread
k0281,Milk
k0281,Ice cream
k0281,Dill
k0281,Corn
k0281,Nutmeg
k0281,Onion
k0282,chocolate
k0282,Yogurt
k0282,Butter
k0282,Sugar
k0282,Corn
k0282,Kidney Beans
k0282,Eggs
k0282,Onion
k0282,Bread
k0283,Onion
k0283,Bread
k0283,Cheese
k0283,Sugar
k0283,Yogurt
k0283,Butter
k0284,Unicorn
k0284,Ice cream
k0284,Milk
k0284,Corn
k0284,Butter
k0284,Yogurt
k0284,Cheese
k0285,chocolate
k0285,Butter
k0285,Eggs
k0285,Onion
k0285,Bread
k0285,Apple
k0285,Ice cream
k0285,Corn
k0285,Nutmeg
k0285,Sugar
k0286,Yogurt
k0286,Eggs
k0286,Unicorn
k0287,Apple
k0287,Nutmeg
k0287,Eggs
k0287,Sugar
k0287,Yogurt
k0287,Kidney Beans
k0287,Butter
k0288,Nutmeg
k0288,Yogurt
k0288,Apple
k0288,Ice cream
k0288,Dill
k0288,chocolate
k0288,Eggs
k0288,Bread
k0288,Milk
k0288,Sugar
k0289,Unicorn
k0289,Bread
k0289,Dill
k0289,Milk
k0289,Apple
k0289,Butter
k0289,Kidney Beans
k0289,chocolate
k0289,Nutmeg
k0289,Onion
k0290,Cheese
k0290,Dill
k0290,Onion
k0290,Bread
k0290,Milk
k0290,chocolate
k0291,chocolate
k0291,Corn
k0291,Kidney Beans
k0291,Eggs
k0291,Butter
k0291,Ice cream
k0291,Yogurt
k0291,Cheese
k0292,Milk
k0292,Unicorn
k0292,Sugar
k0292,Dill
k0292,chocolate
k0292,Onion
k0292,Apple
k0292,Bread
k0293,Unicorn
k0293,Kidney Beans
k0293,Cheese
k0293,Dill
k0293,Eggs
k0293,Nutmeg
k0293,Butter
k0293,chocolate
k0294,chocolate
k0294,Yogurt
k0294,Eggs
k0294,Butter
k0294,Onion
k0294,Kidney Beans
k0294,Nutmeg
k0294,Corn
k0295,Dill
k0295,chocolate
k0295,Ice cream
k0295,Butter
k0295,Cheese
k0295,Kidney Beans
k0295,Milk
k0295,Corn
k0295,Onion
k0296,Sugar
k0296,Apple
k0296,Butter
k0296,Yogurt
k0296,Unicorn
k0296,Cheese
k0296,chocolate
k0297,chocolate
k0297,Corn
k0297,Cheese
k0297,Apple
k0298,chocolate
k0298,Cheese
k0298,Onion
k0298,Ice cream
k0298,Corn
k0298,Nutmeg
k0298,Dill
k0298,Yogurt
k0298,Unicorn
k0299,Apple
k0299,Corn
k0299,Kidney Beans
k0300,Onion
k0300,Kidney Beans
k0300,chocolate
k0300,Eggs
k0300,Unicorn
k0300,Ice cream
k0300,Sugar
k0300,Apple
k0300,Yogurt
k0300,Milk
k0300,Cheese
k0301,Nutmeg
k0301,Yogurt
k0301,chocolate
k0301,Eggs
k0301,Kidney Beans
k0301,Sugar
k0301,Cheese
k0301,Bread
k0301,Dill
k0302,Bread
k0302,chocolate
k0302,Cheese
k0303,Onion
k0303,Corn
k0303,Cheese
k0303,Sugar
k0303,Apple
k0303,Ice cream
k0303,Dill
k0303,Yogurt
k0303,Eggs
k0304,Eggs
k0304,Bread
k0304,Corn
k0304,Nutmeg
k0304,chocolate
k0304,Unicorn
k0304,Onion
k0305,Cheese
k0305,Nutmeg
k0305,Sugar
k0305,Ice cream
k0305,Corn
k0306,Dill
k0306,Kidney Beans
k0307,Apple
k0307,Eggs
k0307,Milk
k0307,Sugar
k0307,Yogurt
k0307,Butter
k0307,Kidney Beans
k0307,Nutmeg
k0308,Eggs
k0308,Onion
k0308,Butter
k0308,Milk
k0308,Yogurt
k0308,Apple
k0308,Sugar
k0308,Nutmeg
k0308,Corn
k0308,chocolate
k0309,Unicorn
k0309,Apple
k0309,Ice cream
k0309,Corn
k0309,Kidney Beans
k0309,Cheese
k0309,Butter
k0309,Onion
k0310,Corn
k0310,Sugar
k0310,Unicorn
k0310,Ice cream
k0310,Milk
k0310,chocolate
k0310,Dill
k0311,Kidney Beans
k0311,Apple
k0311,Ice cream
k0311,Dill
k0311,chocolate
k0312,Apple
k0312,chocolate
k0312,Dill
k0312,Butter
k0312,Cheese
k0312,Eggs
k0312,Sugar
k0312,Milk
k0313,Corn
k0313,Dill
k0313,Milk
k0313,Kidney Beans
k0313,Yogurt
k0313,Ice cream
k0313,Sugar
k0313,Butter
k0313,Nutmeg
k0314,Dill
k0314,Bread
k0314,Onion
k0314,Sugar
k0314,Cheese
k0314,Butter
k0314,Eggs
k0314,Milk
k0314,Apple
k0315,Corn
k0315,Ice cream
k0315,Eggs
k0315,Yogurt
k0315,Milk
k0315,Dill
k0315,Sugar
k0315,Onion
k0315,Bread
k0315,Apple
k0315,Unicorn
k0315,chocolate
k0316,chocolate
k0316,Milk
k0316,Corn
k0316,Eggs
k0316,Ice cream
k0316,Apple
k0316,Dill
k0316,Yogurt
k0316,Butter
k0316,Cheese
k0316,Kidney Beans
k0316,Bread
k0317,Butter
k0317,Nutmeg
k0317,Kidney Beans
k0317,Onion
k0317,Cheese
k0317,Apple
k0317,Eggs
k0318,Corn
k0318,Yogurt
k0318,Milk
k0318,Kidney Beans
k0318,Cheese
k0318,Bread
k0318,Sugar
k0319,Yogurt
k0319,Eggs
k0319,chocolate
k0319,Unicorn
k0319,Corn
k0320,Cheese
k0320,Sugar
k0320,Ice cream
k0320,Yogurt
k0320,Kidney Beans
k0320,Dill
k0320,chocolate
k0321,Corn
k0321,Dill
k0321,Kidney Beans
k0321,Ice cream
k0321,Cheese
k0321,Bread
k0321,Onion
k0322,Unicorn
k0322,Dill
k0322,Eggs
k0322,Onion
k0322,chocolate
k0323,Dill
k0323,Yogurt
k0323,Onion
k0324,Yogurt
k0324,Butter
k0324,Cheese
k0324,Eggs
k0324,Corn
k0324,Kidney Beans
k0324,Dill
k0324,Onion
k0324,Milk
k0324,Nutmeg
k0324,Ice cream
k0324,Unicorn
k0325,Eggs
k0325,Ice cream
k0325,Butter
k0325,Dill
k0325,Nutmeg
k0325,chocolate
k0326,Nutmeg
k0326,Milk
k0326,Unicorn
k0326,Onion
k0326,Sugar
k0326,Apple
k0326,Butter
k0326,Eggs
k0327,Onion
k0327,Ice cream
k0327,Bread
k0327,Eggs
k0327,Yogurt
k0327,Sugar
k0327,chocolate
k0327,Unicorn
k0327,Apple
k0327,Nutmeg
k0327,Corn
k0327,Butter
k0328,Corn
k0328,Ice cream
k0328,Eggs
k0328,Kidney Beans
k0328,Yogurt
k0328,Onion
k0328,Dill
k0328,Milk
k0329,Kidney Beans
k0329,Milk
k0329,Unicorn
k0329,Corn
k0329,Butter
k0329,Onion
k0329,Apple
k0330,Bread
k0330,Dill
k0330,Unicorn
k0330,Kidney Beans
k0330,Yogurt
k0330,Onion
k0330,Sugar
k0331,Butter
k0331,Apple
k0331,Cheese
k0331,Sugar
k0331,Kidney Beans
k0332,Ice cream
k0332,Onion
k0332,Yogurt
k0332,Cheese
k0333,Nutmeg
k0333,Milk
k0333,Ice cream
k0333,Butter
k0333,Sugar
k0333,chocolate
k0333,Dill
k0333,Onion
k0333,Bread
k0334,Yogurt
k0334,Butter
k0334,Ice cream
k0334,Kidney Beans
k0334,Unicorn
k0334,Cheese
k0334,Nutmeg
k0335,Ice cream
k0335,Sugar
k0335,Apple
k0335,Onion
k0335,Corn
k0335,Unicorn
k0335,Butter
k0335,Kidney Beans
k0336,Corn
k0336,Apple
k0336,Kidney Beans
k0336,Eggs
k0336,Unicorn
k0336,Bread
k0336,Milk
k0336,Cheese
k0337,Milk
k0337,Sugar
k0337,Nutmeg
k0337,Unicorn
k0337,chocolate
k0337,Yogurt
k0337,Cheese
k0338,chocolate
k0338,Cheese
k0338,Bread
k0339,Onion
k0339,Cheese
k0339,Butter
k0339,Yogurt
k0339,Kidney Beans
k0339,Apple
k0339,Dill
k0339,Unicorn
k0339,Corn
k0339,chocolate
k0340,Ice cream
k0340,Sugar
k0340,Corn
k0340,Apple
k0340,Nutmeg
k0340,Onion
k0340,Yogurt
k0341,Onion
k0341,Dill
k0341,Bread
k0341,Nutmeg
k0341,Milk
k0341,Sugar
k0341,Butter
k0342,Butter
k0342,Eggs
k0342,Milk
k0342,Cheese
k0342,Corn
k0342,Ice cream
k0342,Onion
k0343,Kidney Beans
k0343,Yogurt
k0343,Sugar
k0343,Ice cream
k0343,Milk
k0343,Unicorn
k0343,Eggs
k0344,Apple
k0344,Kidney Beans
k0344,Dill
k0344,Butter
k0344,chocolate
k0344,Milk
k0344,Sugar
k0344,Yogurt
k0344,Cheese
k0345,Milk
k0345,Apple
k0345,Unicorn
k0345,Ice cream
k0346,Butter
k0346,Kidney Beans
k0346,Milk
k0347,Yogurt
k0347,Corn
k0347,Milk
k0347,Eggs
k0347,Onion
k0347,Cheese
k0347,Unicorn
k0347,Apple
k0347,Nutmeg
k0348,Corn
k0348,Milk
k0348,Kidney Beans
k0348,Sugar
k0348,chocolate
k0348,Bread
k0349,Corn
k0349,Cheese
k0349,Kidney Beans
k0349,Onion
k0350,Bread
k0350,Cheese
k0350,chocolate
k0350,Corn
k0350,Unicorn
k0350,Milk
k0350,Dill
k0350,Kidney Beans
k0350,Sugar
k0350,Yogurt
k0351,Apple
k0351,Bread
k0351,Yogurt
k0351,Ice cream
k0351,Butter
k0351,Sugar
k0351,Milk
k0351,Cheese
k0351,chocolate
k0352,Apple
k0352,Eggs
k0352,chocolate
k0352,Milk
k0352,Butter
k0352,Nutmeg
k0352,Sugar
k0352,Unicorn
k0352,Ice cream
k0352,Dill
k0352,Kidney Beans
k0353,Eggs
k0353,Apple
k0354,Onion
k0354,Bread
k0354,Sugar
k0354,Yogurt
k0354,Eggs
k0354,Nutmeg
k0354,Unicorn
k0354,Ice cream
k0354,Milk
k0354,Dill
k0355,Bread
k0355,Butter
k0355,Nutmeg
k0355,Eggs
k0355,Milk
k0355,Cheese
k0355,Apple
k0355,Yogurt
k0356,chocolate
k0356,Butter
k0356,Cheese
k0356,Kidney Beans
k0356,Yogurt
k0356,Onion
k0356,Corn
k0356,Dill
k0357,Corn
k0358,Milk
k0358,Dill
k0358,chocolate
k0358,Butter
k0358,Cheese
k0358,Sugar
k0358,Nutmeg
k0358,Ice cream
k0359,Butter
k0359,Sugar
k0359,Corn
k0359,Onion
k0359,Apple
k0359,Bread
k0359,Nutmeg
k0359,Yogurt
k0360,chocolate
k0360,Unicorn
k0360,Kidney Beans
k0360,Milk
k0360,Sugar
k0360,Eggs
k0360,Nutmeg
k0360,Corn
k0360,Butter
k0361,Apple
k0361,Corn
k0361,chocolate
k0361,Kidney Beans
k0361,Sugar
k0361,Ice cream
k0361,Dill
k0361,Butter
k0362,Eggs
k0362,Nutmeg
k0362,Corn
k0362,Yogurt
k0363,Dill
k0363,Yogurt
k0363,Onion
k0363,Eggs
k0363,Apple
k0363,Cheese
k0363,Butter
k0363,Nutmeg
k0363,Corn
k0363,Kidney Beans
k0364,Butter
k0364,Ice cream
k0364,Sugar
k0364,Cheese
k0364,Corn
k0364,Unicorn
k0364,Apple
k0364,Nutmeg
k0364,chocolate
k0364,Kidney Beans
k0365,Onion
k0365,Apple
k0366,Sugar
k0367,Dill
k0367,Sugar
k0367,Eggs
k0368,Butter
k0368,Milk
k0368,Bread
k0368,Nutmeg
k0369,Bread
k0369,Cheese
k0369,Ice cream
k0369,Corn
k0369,Dill
k0369,Onion
k0369,Eggs
k0369,Unicorn
k0369,Sugar
k0369,Milk
k0369,Butter
k0370,Corn
k0370,chocolate
k0370,Yogurt
k0370,Ice cream
k0370,Kidney Beans
k0370,Cheese
k0370,Milk
k0370,Bread
k0370,Butter
k0370,Nutmeg
k0371,Unicorn
k0371,Corn
k0371,Ice cream
k0371,Dill
k0372,Cheese
k0372,Kidney Beans
k0372,Bread
k0372,Unicorn
k0372,Milk
k0373,Kidney Beans
k0373,Yogurt
k0373,Apple
k0373,Ice cream
k0373,Nutmeg
k0373,Unicorn
k0373,Milk
k0374,Eggs
k0374,Butter
k0374,Unicorn
k0374,Bread
k0374,Kidney Beans
k0374,Sugar
k0375,Nutmeg
k0375,Unicorn
k0375,Corn
k0376,Apple
k0376,Kidney Beans
k0376,chocolate
k0376,Corn
k0376,Cheese
k0376,Yogurt
k0376,Eggs
k0376,Milk
k0377,Cheese
k0377,Unicorn
k0377,Apple
k0377,Sugar
k0377,Corn
k0377,Eggs
k0377,Bread
k0377,Onion
k0377,chocolate
k0377,Ice cream
k0378,Yogurt
k0378,Apple
k0378,Butter
k0378,Onion
k0378,Kidney Beans
k0378,Cheese
k0378,chocolate
k0378,Eggs
k0378,Dill
k0378,Bread
k0379,Unicorn
k0379,Sugar
k0379,Kidney Beans
k0379,Butter
k0379,Yogurt
k0379,Bread
k0379,Ice cream
k0380,Eggs
k0380,Bread
k0380,Sugar
k0380,Ice cream
k0380,Corn
k0380,Apple
k0380,Nutmeg
k0380,Butter
k0380,Unicorn
k0380,Onion
k0380,chocolate
k0381,Cheese
k0381,Onion
k0381,Eggs
k0381,Butter
k0381,Dill
k0381,Kidney Beans
k0381,Milk
k0381,Nutmeg
k0382,Cheese
k0382,Milk
k0382,Unicorn
k0382,Yogurt
k0382,Corn
k0383,Corn
k0383,chocolate
k0383,Eggs
k0383,Sugar
k0383,Bread
k0383,Butter
k0383,Unicorn
k0383,Kidney Beans
k0383,Onion
k0383,Cheese
k0383,Dill
k0384,Unicorn
k0384,Kidney Beans
k0384,Ice cream
k0384,Onion
k0384,Corn
k0384,Yogurt
k0384,chocolate
k0384,Cheese
k0384,Dill
k0384,Nutmeg
k0384,Eggs
k0384,Butter
k0384,Sugar
k0385,Yogurt
k0385,Milk
k0385,Butter
k0385,Sugar
k0385,Unicorn
k0385,Corn
k0386,Eggs
k0386,Corn
k0386,Butter
k0386,Sugar
k0386,Cheese
k0386,Yogurt
k0386,chocolate
k0386,Nutmeg
k0386,Onion
k0386,Bread
k0386,Apple
k0387,Corn
k0387,Bread
k0387,Yogurt
k0387,Apple
k0388,Cheese
k0388,Kidney Beans
k0388,Nutmeg
k0388,Ice cream
k0389,Cheese
k0389,chocolate
k0389,Dill
k0389,Sugar
k0389,Onion
k0389,Milk
k0389,Corn
k0389,Bread
k0389,Yogurt
k0389,Ice cream
k0390,Apple
k0390,Sugar
k0390,Dill
k0390,Ice cream
k0390,Eggs
k0390,chocolate
k0390,Nutmeg
k0391,Dill
k0391,Sugar
k0391,chocolate
k0391,Onion
k0392,Unicorn
k0392,Bread
k0392,Onion
k0392,Yogurt
k0392,Apple
k0392,Cheese
k0392,Butter
k0392,Ice cream
k0392,Nutmeg
k0393,Onion
k0393,Cheese
k0393,chocolate
k0393,Kidney Beans
k0393,Dill
k0393,Ice cream
k0393,Eggs
k0394,Milk
k0394,Sugar
k0394,Butter
k0394,Cheese
k0394,Onion
k0394,Kidney Beans
k0394,Ice cream
k0394,Yogurt
k0395,Sugar
k0395,Ice cream
k0395,Bread
k0395,Cheese
k0395,Unicorn
k0395,Yogurt
k0395,Kidney Beans
k0395,Nutmeg
k0396,Yogurt
k0396,Corn
k0396,Nutmeg
k0396,Dill
k0396,chocolate
k0396,Ice cream
k0396,Apple
k0396,Kidney Beans
k0397,Yogurt
k0397,Dill
k0398,Kidney Beans
k0398,Yogurt
k0398,Eggs
k0398,Bread
k0398,Dill
k0398,Nutmeg
k0398,Unicorn
k0398,Onion
k0398,Butter
k0399,Apple
k0400,Nutmeg
k0400,Yogurt
k0400,Dill
k0400,Butter
k0400,Unicorn
k0400,chocolate
k0400,Milk
k0400,Kidney Beans
k0400,Sugar
k0401,Sugar
k0401,Onion
k0401,Bread
k0401,Corn
k0401,Ice cream
k0402,Onion
k0402,Apple
k0402,Ice cream
k0402,Yogurt
k0402,Milk
k0402,Eggs
k0402,Sugar
k0403,Cheese
k0403,Onion
k0403,Unicorn
k0403,Bread
k0403,Butter
k0403,Yogurt
k0403,Milk
k0403,Corn
k0403,Eggs
k0403,Nutmeg
k0403,Kidney Beans
k0404,chocolate
k0404,Butter
k0404,Ice cream
k0404,Sugar
k0404,Yogurt
k0404,Cheese
k0405,Kidney Beans
k0405,Sugar
k0405,Yogurt
k0405,Nutmeg
k0405,Apple
k0405,Dill
k0405,Bread
k0405,Butter
k0405,Onion
k0405,Milk
k0406,Sugar
k0406,Yogurt
k0406,Eggs
k0407,Butter
k0407,Nutmeg
k0407,Apple
k0407,Unicorn
k0407,Onion
k0407,Dill
k0407,Bread
k0407,Ice cream
k0407,Cheese
k0408,Eggs
k0408,chocolate
k0408,Sugar
k0408,Ice cream
k0408,Onion
k0408,Nutmeg
k0408,Milk
k0409,Cheese
k0410,Nutmeg
k0410,Dill
k0410,Sugar
k0410,Onion
k0410,Milk
k0410,Kidney Beans
k0410,chocolate
k0410,Unicorn
k0410,Ice cream
k0411,Onion
k0411,Ice cream
k0411,Cheese
k0411,Butter
k0411,Nutmeg
k0411,Milk
k0411,Corn
k0411,chocolate
k0411,Eggs
k0411,Unicorn
k0411,Dill
k0412,Ice cream
k0412,Yogurt
k0412,Kidney Beans
k0412,Corn
k0412,Nutmeg
k0412,chocolate
k0412,Onion
k0412,Eggs
k0413,Ice cream
k0413,Yogurt
k0413,chocolate
k0414,Onion
k0414,Butter
k0414,Eggs
k0414,Yogurt
k0414,Unicorn
k0414,chocolate
k0414,Milk
k0414,Ice cream
k0414,Bread
k0415,Butter
k0415,Apple
k0415,Corn
k0415,Cheese
k0415,Unicorn
k0415,Ice cream
k0415,Nutmeg
k0416,Butter
k0416,Cheese
k0416,Unicorn
k0416,Milk
k0417,Onion
k0417,Kidney Beans
k0417,Eggs
k0417,Ice cream
k0417,Corn
k0417,Bread
k0417,Yogurt
k0418,Milk
k0418,Dill
k0419,Ice cream
k0419,Onion
k0419,Sugar
k0419,Milk
k0419,Apple
k0419,Yogurt
k0419,chocolate
k0420,Corn
k0420,Sugar
k0420,Kidney Beans
k0420,Yogurt
k0420,Unicorn
k0420,Butter
k0420,Onion
k0420,Milk
k0421,Onion
k0421,chocolate
k0421,Unicorn
k0421,Nutmeg
k0421,Yogurt
k0421,Corn
k0421,Cheese
k0422,Yogurt
k0422,Butter
k0422,Dill
k0422,Apple
k0422,Sugar
k0422,Nutmeg
k0422,Milk
k0423,Nutmeg
k0423,Apple
k0423,Yogurt
k0423,Butter
k0423,Cheese
k0423,Sugar
k0423,Ice cream
k0423,Bread
k0423,Eggs
k0423,Onion
k0424,Unicorn
k0424,Butter
k0424,Apple
k0424,Corn
k0424,Nutmeg
k0424,Sugar
k0424,Eggs
k0425,Apple
k0426,Onion
k0426,Sugar
k0426,Milk
k0426,Ice cream
k0426,Nutmeg
k0426,Unicorn
k0426,Bread
k0426,Corn
k0426,Kidney Beans
k0426,Cheese
k0426,Dill
k0426,Apple
k0427,Onion
k0427,Dill
k0427,Sugar
k0427,Apple
k0427,Eggs
k0427,Nutmeg
k0428,chocolate
k0428,Yogurt
k0428,Apple
k0428,Unicorn
k0428,Corn
k0428,Kidney Beans
k0429,Dill
k0429,Cheese
k0429,Yogurt
k0429,Bread
k0430,Bread
k0430,Sugar
k0430,Milk
k0430,Kidney Beans
k0430,Onion
k0430,Nutmeg
k0430,Ice cream
k0430,Butter
k0430,Cheese
k0430,Yogurt
k0431,Onion
k0431,Nutmeg
k0431,Eggs
k0431,Kidney Beans
k0431,Cheese
k0431,Dill
k0431,Corn
k0432,Dill
k0432,Ice cream
k0432,chocolate
k0432,Nutmeg
k0432,Onion
k0432,Butter
k0432,Unicorn
k0432,Cheese
k0432,Corn
k0433,Butter
k0433,Cheese
k0433,Milk
k0433,chocolate
k0433,Apple
k0433,Nutmeg
k0433,Sugar
k0433,Onion
k0433,Ice cream
k0434,Bread
k0434,Cheese
k0434,Butter
k0434,Milk
k0434,Unicorn
k0434,Sugar
k0434,Onion
k0435,Ice cream
k0435,Unicorn
k0435,Sugar
k0435,Milk
k0435,Eggs
k0435,Kidney Beans
k0435,Yogurt
k0435,Onion
k0435,Apple
k0435,Bread
k0436,Sugar
k0436,Apple
k0436,Yogurt
k0436,Dill
k0436,Onion
k0436,chocolate
k0437,Ice cream
k0437,Yogurt
k0437,Nutmeg
k0437,Milk
k0437,chocolate
k0437,Apple
k0438,Butter
k0438,Apple
k0438,Corn
k0438,Eggs
k0438,Sugar
k0438,Milk
k0438,Dill
k0438,Yogurt
k0439,Apple
k0439,Butter
k0439,Dill
k0439,Ice cream
k0440,Unicorn
k0440,Eggs
k0441,Milk
k0441,Onion
k0441,Sugar
k0441,Dill
k0441,Yogurt
k0441,chocolate
k0442,Dill
k0442,Ice cream
k0442,Milk
k0442,Kidney Beans
k0442,Bread
k0442,Onion
k0442,Butter
k0443,Sugar
k0443,Apple
k0443,Corn
k0443,Unicorn
k0443,Cheese
k0443,Milk
k0443,Butter
k0443,Eggs
k0443,Kidney Beans
k0443,Nutmeg
k0443,Bread
k0444,Yogurt
k0444,Dill
k0445,Butter
k0445,Onion
k0445,Corn
k0445,Sugar
k0446,Sugar
k0446,Yogurt
k0446,Apple
k0446,Butter
k0446,Dill
k0446,Milk
k0446,chocolate
k0446,Onion
k0446,Unicorn
k0447,Eggs
k0447,Bread
k0447,Butter
k0447,Sugar
k0447,Cheese
k0447,Apple
k0447,Nutmeg
k0447,Ice cream
k0447,Corn
k0447,Onion
k0448,Cheese
k0449,Unicorn
k0449,Cheese
k0449,Eggs
k0449,Ice cream
k0449,Yogurt
k0449,Dill
k0449,Corn
k0450,Ice cream
k0450,Apple
k0450,Onion
k0450,Corn
k0450,Cheese
k0450,Eggs
k0450,Milk
k0451,Nutmeg
k0451,Bread
k0451,Dill
k0451,Milk
k0451,Sugar
k0451,chocolate
k0451,Ice cream
k0451,Cheese
k0451,Yogurt
k0452,Butter
k0452,Nutmeg
k0452,Ice cream
k0452,Unicorn
k0452,Cheese
k0453,Nutmeg
k0453,Dill
k0453,Cheese
k0454,Dill
k0454,Kidney Beans
k0454,Unicorn
k0454,Sugar
k0454,Butter
k0454,Yogurt
k0454,Bread
k0454,Onion
k0455,chocolate
k0455,Onion
k0455,Kidney Beans
k0456,Kidney Beans
k0456,Apple
k0456,Corn
k0456,Unicorn
k0456,chocolate
k0456,Bread
k0456,Milk
k0456,Yogurt
k0456,Onion
k0456,Nutmeg
k0457,Butter
k0457,Dill
k0457,Onion
k0457,Cheese
k0457,Nutmeg
k0457,Eggs
k0457,Corn
k0458,Yogurt
k0458,Nutmeg
k0458,Eggs
k0458,Bread
k0458,Sugar
k0458,Onion
k0458,Milk
k0458,Unicorn
k0459,Onion
k0459,Ice cream
k0459,Kidney Beans
k0459,Corn
k0459,Cheese
k0459,Butter
k0460,Bread
k0460,Onion
k0460,Kidney Beans
k0460,Milk
k0460,Unicorn
k0460,Yogurt
k0460,Nutmeg
k0460,Corn
k0460,chocolate
k0460,Sugar
k0461,Corn
k0461,Butter
k0461,Onion
k0461,chocolate
k0461,Ice cream
k0461,Eggs
k0462,Eggs
k0462,Corn
k0462,Apple
k0462,Kidney Beans
k0462,Milk
k0462,chocolate
k0462,Dill
k0462,Yogurt
k0463,Onion
k0463,Corn
k0463,Bread
k0463,Cheese
k0463,Butter
k0463,Dill
k0463,Kidney Beans
k0464,Dill
k0464,Ice cream
k0464,Kidney Beans
k0464,Cheese
k0464,Corn
k0464,Nutmeg
k0464,Unicorn
k0464,Onion
k0464,chocolate
k0464,Milk
k0464,Sugar
k0465,Kidney Beans
k0466,Eggs
k0466,Butter
k0466,Unicorn
k0466,chocolate
k0466,Corn
k0467,Kidney Beans
k0467,Apple
k0467,Bread
k0467,Milk
k0467,Ice cream
k0467,Corn
k0467,Cheese
k0468,Sugar
k0468,Unicorn
k0468,Nutmeg
k0468,Apple
k0468,Eggs
k0468,Bread
k0468,Kidney Beans
k0468,Onion
k0468,Corn
k0468,chocolate
k0468,Yogurt
k0469,Yogurt
k0469,Apple
k0469,Corn
k0469,Dill
k0469,Ice cream
k0469,Butter
k0470,Nutmeg
k0470,Apple
k0470,Yogurt
k0470,chocolate
k0470,Eggs
k0470,Bread
k0470,Dill
k0471,Sugar
k0471,Apple
k0471,chocolate
k0471,Unicorn
k0471,Kidney Beans
k0472,Nutmeg
k0472,Dill
k0472,Apple
k0472,Yogurt
k0473,Butter
k0473,Apple
k0473,Ice cream
k0473,Kidney Beans
k0473,Yogurt
k0473,Cheese
k0473,Nutmeg
k0473,Sugar
k0473,chocolate
k0473,Dill
k0474,Eggs
k0474,Cheese
k0474,Sugar
k0474,Corn
k0474,Nutmeg
k0474,Bread
k0474,chocolate
k0475,Corn
k0475,Eggs
k0475,Unicorn
k0475,Cheese
k0476,Bread
k0476,Dill
k0476,Cheese
k0476,chocolate
k0476,Apple
k0476,Milk
k0476,Ice cream
k0476,Kidney Beans
k0476,Corn
k0477,Apple
k0477,Butter
k0477,Eggs
k0477,Nutmeg
k0477,Corn
k0477,Sugar
k0477,chocolate
k0478,Ice cream
k0478,Dill
k0478,Cheese
k0478,Nutmeg
k0478,Kidney Beans
k0478,Yogurt
k0478,Corn
k0478,Onion
k0478,Bread
k0479,Yogurt
k0479,Bread
k0479,Sugar
k0479,Eggs
k0479,Cheese
k0479,Apple
k0479,Kidney Beans
k0479,Dill
k0479,Corn
k0479,Milk
k0479,chocolate
k0479,Unicorn
k0480,Apple
k0480,Nutmeg
k0480,Eggs
k0480,Cheese
k0480,Onion
k0480,Dill
k0481,Unicorn
k0481,chocolate
k0481,Corn
k0481,Kidney Beans
k0481,Bread
k0481,Yogurt
k0481,Nutmeg
k0481,Apple
k0481,Sugar
k0481,Milk
k0482,Yogurt
k0482,chocolate
k0482,Dill
k0482,Unicorn
k0482,Milk
k0482,Corn
k0482,Nutmeg
k0482,Ice cream
k0482,Apple
k0482,Cheese
k0482,Sugar
k0483,Eggs
k0483,chocolate
k0483,Corn
k0483,Ice cream
k0483,Kidney Beans
k0483,Dill
k0483,Yogurt
k0483,Bread
k0484,Dill
k0484,Unicorn
k0485,chocolate
k0485,Apple
k0485,Sugar
k0485,Corn
k0485,Unicorn
k0485,Kidney Beans
k0485,Milk
k0485,Dill
k0485,Cheese
k0485,Nutmeg
k0485,Onion
k0485,Eggs
k0486,Corn
k0486,Cheese
k0486,Unicorn
k0486,Onion
k0486,Sugar
k0487,Ice cream
k0487,Cheese
k0487,Milk
k0487,Bread
k0487,Onion
k0487,Nutmeg
k0488,Nutmeg
k0488,Cheese
k0488,Kidney Beans
k0488,Bread
k0488,Sugar
k0488,Ice cream
k0488,Butter
k0488,Apple
k0488,chocolate
k0489,Cheese
k0489,Nutmeg
k0489,Dill
k0489,Apple
k0490,Ice cream
k0490,Dill
k0491,Ice cream
k0491,Apple
k0491,Yogurt
k0491,Dill
k0491,Corn
k0491,Kidney Beans
k0491,Unicorn
k0492,Kidney Beans
k0492,Onion
k0493,Onion
k0493,Bread
k0493,chocolate
k0493,Ice cream
k0493,Eggs
k0493,Sugar
k0493,Milk
k0493,Kidney Beans
k0493,Yogurt
k0494,Nutmeg
k0494,Butter
k0494,Kidney Beans
k0495,Ice cream
k0495,Sugar
k0495,Apple
k0495,chocolate
k0495,Corn
k0495,Butter
k0495,Milk
k0495,Onion
k0495,Kidney Beans
k0495,Cheese
k0495,Unicorn
k0496,Cheese
k0497,Butter
k0497,Yogurt
k0497,Sugar
k0497,Milk
k0498,Unicorn
k0498,chocolate
k0498,Cheese
k0498,Dill
k0498,Onion
k0498,Bread
k0498,Eggs
k0498,Nutmeg
k0498,Kidney Beans
k0498,Corn
k0498,Milk
k0498,Butter
k0499,Sugar
k0499,Butter
k0499,Nutmeg
k0499,chocolate
k0499,Dill
k0499,Cheese
k0499,Kidney Beans
k0499,Milk
k0499,Eggs
k0499,Apple
k0499,Corn
k0500,Sugar
k0500,Unicorn
k0500,Dill
k0501,Corn
k0501,chocolate
k0501,Onion
k0501,Nutmeg
k0501,Yogurt
k0501,Cheese
k0501,Dill
k0501,Ice cream
k0501,Unicorn
k0502,Corn
k0502,Sugar
k0502,Milk
k0503,Sugar
k0503,Unicorn
k0503,Dill
k0503,Corn
k0503,Ice cream
k0504,Butter
k0504,chocolate
k0504,Yogurt
k0504,Unicorn
k0504,Cheese
k0504,Ice cream
k0505,Corn
k0505,Butter
k0505,Dill
k0505,Kidney Beans
k0505,chocolate
k0505,Bread
k0505,Apple
k0506,Kidney Beans
k0506,Cheese
k0506,Ice cream
k0506,Bread
k0507,chocolate
k0507,Unicorn
k0507,Milk
k0507,Ice cream
k0507,Butter
k0507,Kidney Beans
k0507,Apple
k0508,Yogurt
k0508,Nutmeg
k0508,Dill
k0509,Kidney Beans
k0509,Yogurt
k0509,chocolate
k0509,Milk
k0510,Eggs
k0510,Kidney Beans
k0510,Butter
k0510,Apple
k0510,Dill
k0511,Eggs
k0511,Unicorn
k0511,Nutmeg
k0511,Corn
k0511,Kidney Beans
k0511,Yogurt
k0511,Apple
k0512,Eggs
k0512,Sugar
k0512,Onion
k0513,Butter
k0513,Eggs
k0513,Nutmeg
k0513,Onion
k0513,Milk
k0514,Kidney Beans
k0514,Cheese
k0514,Sugar
k0515,Kidney Beans
k0515,Apple
k0515,Yogurt
k0515,Ice cream
k0515,Butter
k0515,Eggs
k0515,Milk
k0516,Yogurt
k0516,Butter
k0516,Onion
k0516,Ice cream
k0516,Nutmeg
k0516,Apple
k0516,chocolate
k0516,Eggs
k0516,Milk
k0517,Onion
k0517,Ice cream
k0517,Eggs
k0517,Dill
k0517,Sugar
k0517,Corn
k0517,Milk
k0517,chocolate
k0517,Apple
k0517,Cheese
k0517,Butter
k0518,Corn
k0518,Milk
k0518,Sugar
k0518,Kidney Beans
k0518,Dill
k0518,chocolate
k0518,Unicorn
k0518,Onion
k0518,Eggs
k0519,Eggs
k0519,chocolate
k0519,Ice cream
k0519,Cheese
k0519,Bread
k0520,Eggs
k0520,Cheese
k0520,Butter
k0520,Dill
k0521,Dill
k0521,Bread
k0521,Milk
k0521,chocolate
k0521,Eggs
k0521,Yogurt
k0522,Butter
k0522,Kidney Beans
k0522,Apple
k0522,Dill
k0522,Milk
k0522,chocolate
k0522,Eggs
k0522,Corn
k0522,Sugar
k0522,Bread
k0523,Kidney Beans
k0523,Milk
k0523,Onion
k0523,Yogurt
k0523,Apple
k0524,Sugar
k0524,Onion
k0524,Cheese
k0524,chocolate
k0524,Milk
k0524,Dill
k0525,Unicorn
k0525,Bread
k0526,Dill
k0526,Yogurt
k0526,Ice cream
k0526,Butter
k0526,Onion
k0526,Bread
k0527,Cheese
k0527,Dill
k0527,Apple
k0527,Eggs
k0527,Yogurt
k0527,Bread
k0527,Corn
k0528,Cheese
k0529,Ice cream
k0529,Milk
k0529,Onion
k0529,Sugar
k0529,Unicorn
k0529,Cheese
k0529,Bread
k0529,chocolate
k0529,Dill
k0530,Kidney Beans
k0530,Cheese
k0531,Apple
k0531,chocolate
k0531,Milk
k0531,Butter
k0532,Kidney Beans
k0532,Cheese
k0532,Milk
k0532,chocolate
k0532,Onion
k0532,Nutmeg
k0532,Dill
k0533,Apple
k0533,Kidney Beans
k0534,Dill
k0534,chocolate
k0534,Onion
k0534,Yogurt
k0534,Ice cream
k0534,Bread
k0534,Corn
k0535,Yogurt
k0535,Corn
k0535,Dill
k0535,Apple
k0535,Cheese
k0535,Unicorn
k0535,Milk
k0536,Onion
k0536,Dill
k0536,Yogurt
k0537,Eggs
k0537,Unicorn
k0537,Onion
k0537,Milk
k0537,Corn
k0537,Ice cream
k0537,Kidney Beans
k0538,Ice cream
k0538,Milk
k0538,chocolate
k0538,Sugar
k0538,Yogurt
k0538,Kidney Beans
k0538,Dill
k0538,Eggs
k0538,Unicorn
k0538,Cheese
k0538,Nutmeg
k0539,Nutmeg
k0539,Yogurt
k0539,Unicorn
k0539,Bread
k0539,Kidney Beans
k0539,Cheese
k0540,Milk
k0540,Yogurt
k0540,Bread
k0540,Unicorn
k0540,Eggs
k0540,Dill
k0540,Sugar
k0541,Kidney Beans
k0541,Bread
k0541,Milk
k0541,Butter
k0541,Unicorn
k0541,Dill
k0541,Ice cream
k0542,Ice cream
k0542,Bread
k0542,Butter
k0542,Unicorn
k0542,Eggs
k0542,Nutmeg
k0542,chocolate
k0542,Kidney Beans
k0543,Sugar
k0543,Apple
k0543,Onion
k0543,Corn
k0543,Nutmeg
k0543,Cheese
k0543,Ice cream
k0543,Milk
k0543,Dill
k0544,Dill
k0544,Kidney Beans
k0544,Corn
k0545,Corn
k0545,Onion
k0545,Apple
k0545,Eggs
k0545,Cheese
k0545,Dill
k0545,Sugar
k0545,Bread
k0546,Bread
k0546,Cheese
k0546,Ice cream
k0546,Yogurt
k0546,Dill
k0546,Butter
k0547,Ice cream
k0547,Corn
k0547,Unicorn
k0547,Apple
k0547,Yogurt
k0547,Dill
k0547,Kidney Beans
k0548,Butter
k0548,chocolate
k0549,Butter
k0549,chocolate
k0550,Bread
k0550,Unicorn
k0550,Dill
k0550,Yogurt
k0550,Sugar
k0550,Ice cream
k0550,Onion
k0551,Cheese
k0551,Butter
k0551,Apple
k0551,Yogurt
k0551,Milk
k0551,Sugar
k0552,Bread
k0552,Butter
k0552,Milk
k0552,Corn
k0552,Apple
k0552,Kidney Beans
k0552,Nutmeg
k0552,Yogurt
k0552,Unicorn
k0552,Ice cream
k0552,Eggs
k0553,Dill
k0553,Ice cream
k0553,Yogurt
k0553,Butter
k0553,Corn
k0553,Onion
k0553,Sugar
k0553,Unicorn
k0553,chocolate
k0553,Apple
k0553,Milk
k0554,Nutmeg
k0554,Ice cream
k0554,Eggs
k0554,Butter
k0555,Unicorn
k0555,Corn
k0555,Kidney Beans
k0555,Nutmeg
k0555,Onion
k0555,Eggs
k0555,Milk
k0555,chocolate
k0556,chocolate
k0556,Unicorn
k0556,Cheese
k0556,Yogurt
k0556,Ice cream
k0556,Dill
k0557,Cheese
k0557,Apple
k0557,Kidney Beans
k0557,Ice cream
k0558,Kidney Beans
k0558,Ice cream
k0558,Dill
k0558,Butter
k0558,Onion
k0559,Yogurt
k0559,Sugar
k0559,Ice cream
k0559,Nutmeg
k0559,Butter
k0559,Kidney Beans
k0560,chocolate
k0560,Unicorn
k0560,Cheese
k0560,Kidney Beans
k0561,Bread
k0561,Corn
k0562,Yogurt
k0562,Cheese
k0562,Bread
k0563,Milk
k0563,Cheese
k0563,Kidney Beans
k0563,chocolate
k0563,Bread
k0563,Butter
k0563,Apple
k0563,Unicorn
k0564,Dill
k0564,Onion
k0564,Milk
k0564,chocolate
k0564,Unicorn
k0564,Apple
k0564,Sugar
k0564,Kidney Beans
k0564,Yogurt
k0564,Eggs
k0564,Ice cream
k0565,Cheese
k0565,Onion
k0565,Sugar
k0566,Kidney Beans
k0566,Onion
k0567,Onion
k0567,Ice cream
k0567,Yogurt
k0567,Bread
k0567,Nutmeg
k0567,Cheese
k0568,chocolate
k0568,Nutmeg
k0568,Milk
k0568,Corn
k0568,Onion
k0568,Yogurt
k0568,Bread
k0569,Yogurt
k0569,Unicorn
k0569,Dill
k0569,Butter
k0569,chocolate
k0569,Apple
k0570,chocolate
k0570,Onion
k0570,Yogurt
k0570,Bread
k0570,Apple
k0570,Dill
k0570,Butter
k0570,Eggs
k0570,Milk
k0570,Nutmeg
k0571,Cheese
k0571,Bread
k0571,Butter
k0571,Onion
k0571,Dill
k0571,Apple
k0571,Kidney Beans
k0571,Nutmeg
k0572,Butter
k0572,Bread
k0572,Apple
k0572,Sugar
k0572,Yogurt
k0572,Nutmeg
k0572,Ice cream
k0572,Milk
k0572,Dill
k0573,Milk
k0573,Ice cream
k0573,Unicorn
k0573,Nutmeg
k0573,Eggs
k0573,chocolate
k0573,Corn
k0573,Butter
k0574,Milk
k0574,Unicorn
k0574,Bread
k0574,Yogurt
k0574,Corn
k0574,Onion
k0574,Dill
k0574,Sugar
k0575,Sugar
k0575,chocolate
k0575,Cheese
k0575,Unicorn
k0575,Kidney Beans
k0575,Onion
k0575,Ice cream
k0575,Apple
k0575,Dill
k0575,Butter
k0575,Yogurt
k0576,Kidney Beans
k0576,Cheese
k0576,Sugar
k0576,Unicorn
k0577,Apple
k0577,Milk
k0577,Nutmeg
k0577,Corn
k0577,Dill
k0577,Butter
k0578,chocolate
k0578,Eggs
k0578,Unicorn
k0578,Yogurt
k0578,Ice cream
k0578,Kidney Beans
k0578,Cheese
k0578,Milk
k0578,Sugar
k0578,Bread
k0579,Cheese
k0579,Onion
k0579,Sugar
k0579,Nutmeg
k0579,Dill
k0579,Kidney Beans
k0579,Ice cream
k0580,Cheese
k0580,Butter
k0580,Unicorn
k0580,Kidney Beans
k0580,Dill
k0580,Milk
k0580,Apple
k0580,Nutmeg
k0580,Onion
k0581,Nutmeg
k0582,Dill
k0583,Corn
k0583,Nutmeg
k0583,Kidney Beans
k0583,Milk
k0583,Butter
k0584,Sugar
k0584,Bread
k0584,Apple
k0584,Butter
k0584,Nutmeg
k0584,Kidney Beans
k0584,Corn
k0584,Milk
k0584,Cheese
k0585,Onion
k0585,Sugar
k0585,Nutmeg
k0585,Cheese
k0585,Bread
k0586,Dill
k0586,Cheese
k0586,Onion
k0586,Apple
k0586,chocolate
k0586,Nutmeg
k0586,Ice cream
k0587,Corn
k0587,chocolate
k0587,Kidney Beans
k0587,Sugar
k0587,Yogurt
k0587,Dill
k0587,Milk
k0587,Butter
k0587,Eggs
k0588,Corn
k0588,Cheese
k0588,Sugar
k0588,Ice cream
k0589,Unicorn
k0589,Butter
k0589,Corn
k0589,Kidney Beans
k0589,Eggs
k0589,Milk
k0590,Onion
k0590,Sugar
k0591,Sugar
k0591,Kidney Beans
k0591,Butter
k0591,Onion
k0591,Bread
k0592,Butter
k0592,Unicorn
k0592,Onion
k0592,Dill
k0592,Corn
k0592,Sugar
k0592,Ice cream
k0593,Yogurt
k0593,Kidney Beans
k0593,Butter
k0593,chocolate
k0593,Eggs
k0593,Ice cream
k0593,Sugar
k0593,Cheese
k0593,Milk
k0593,Corn
k0593,Bread
k0593,Dill
k0594,Milk
k0594,Cheese
k0594,Eggs
k0594,Ice cream
k0594,Apple
k0594,Onion
k0594,Corn
k0594,Nutmeg
k0594,Sugar
k0595,Ice cream
k0595,Yogurt
k0595,chocolate
k0595,Unicorn
k0595,Dill
k0595,Sugar
k0595,Butter
k0595,Apple
k0595,Milk
k0595,Bread
k0596,Eggs
k0596,Cheese
k0596,Bread
k0596,Butter
k0596,chocolate
k0596,Ice cream
k0596,Kidney Beans
k0597,Butter
k0597,Corn
k0597,Unicorn
k0597,Eggs
k0597,Onion
k0597,Yogurt
k0597,Ice cream
k0597,Dill
k0597,Kidney Beans
k0598,Bread
k0598,Ice cream
k0598,Cheese
k0599,Ice cream
k0600,Milk
k0600,Kidney Beans
k0600,Sugar
k0600,Ice cream
k0600,Onion
k0601,Butter
k0601,Onion
k0601,Ice cream
k0601,Eggs
k0601,Bread
k0601,Yogurt
k0602,Nutmeg
k0603,Bread
k0603,Onion
k0603,Nutmeg
k0603,Corn
k0604,Milk
k0605,Milk
k0605,Unicorn
k0605,Eggs
k0605,Dill
k0605,Butter
k0605,Yogurt
k0605,Nutmeg
k0605,Onion
k0605,chocolate
k0606,chocolate
k0606,Kidney Beans
k0606,Ice cream
k0606,Yogurt
k0606,Butter
k0606,Onion
k0606,Corn
k0607,Ice cream
k0607,Unicorn
k0607,Apple
k0607,Corn
k0607,Bread
k0608,Corn
k0608,Milk
k0608,Yogurt
k0608,chocolate
k0608,Sugar
k0608,Bread
k0608,Eggs
k0608,Apple
k0609,Yogurt
k0609,Sugar
k0609,Corn
k0609,Dill
k0609,Eggs
k0609,Ice cream
k0609,Bread
k0610,Onion
k0610,Eggs
k0610,chocolate
k0611,Yogurt
k0611,Unicorn
k0611,Bread
k0611,Sugar
k0611,Eggs
k0611,Dill
k0611,Onion
k0611,Corn
k0612,chocolate
k0612,Butter
k0612,Corn
k0612,Yogurt
k0612,Cheese
k0612,Onion
k0612,Kidney Beans
k0612,Eggs
k0612,Unicorn
k0613,Unicorn
k0613,Butter
k0613,Eggs
k0613,Milk
k0614,Unicorn
k0614,Eggs
k0615,Onion
k0615,Apple
k0615,Nutmeg
k0615,Ice cream
k0615,Cheese
k0615,Kidney Beans
k0615,Dill
k0615,Eggs
k0615,Sugar
k0615,chocolate
k0615,Milk
k0616,Ice cream
k0617,Nutmeg
k0617,Milk
k0617,Butter
k0617,Onion
k0617,Cheese
k0617,Apple
k0618,chocolate
k0618,Butter
k0618,Milk
k0618,Sugar
k0618,Eggs
k0618,Corn
k0619,Kidney Beans
k0619,Onion
k0619,Corn
k0619,Ice cream
k0620,Butter
k0620,Eggs
k0620,Sugar
k0621,Unicorn
k0621,Apple
k0621,Bread
k0621,Eggs
k0621,Yogurt
k0621,Nutmeg
k0621,Cheese
k0621,Corn
k0621,Milk
k0621,Ice cream
k0621,Sugar
k0622,Bread
k0622,Sugar
k0622,Eggs
k0622,chocolate
k0623,Dill
k0623,Nutmeg
k0623,Cheese
k0624,Sugar
k0624,Yogurt
k0624,Eggs
k0624,Nutmeg
k0624,Butter
k0624,Ice cream
k0624,Onion
k0624,chocolate
k0624,Unicorn
k0624,Bread
k0625,Butter
k0625,Dill
k0625,Onion
k0625,Nutmeg
k0625,Yogurt
k0625,Eggs
k0625,Apple
k0625,Corn
k0625,Sugar
k0625,Bread
k0625,Kidney Beans
k0625,Ice cream
k0625,Milk
k0626,Cheese
k0626,Apple
k0626,Yogurt
k0626,Milk
k0627,Ice cream
k0627,Eggs
k0627,Corn
k0628,Unicorn
k0628,Butter
k0628,Yogurt
k0628,Ice cream
k0628,Nutmeg
k0629,Yogurt
k0629,Bread
k0629,Sugar
k0629,Ice cream
k0629,Unicorn
k0629,chocolate
k0629,Nutmeg
k0629,Apple
k0629,Dill
k0629,Butter
k0629,Corn
k0630,Dill
k0630,Ice cream
k0630,Corn
k0630,Sugar
k0630,Cheese
k0630,Kidney Beans
k0630,Eggs
k0630,Butter
k0630,Unicorn
k0631,Bread
k0631,Unicorn
k0632,Onion
k0633,Ice cream
k0633,Bread
k0633,chocolate
k0634,Onion
k0634,Sugar
k0634,Apple
k0634,Unicorn
k0634,chocolate
k0635,Butter
k0635,Milk
k0635,Dill
k0635,Corn
k0635,Sugar
k0635,Bread
k0635,Ice cream
k0636,Cheese
k0636,Dill
k0636,Milk
k0636,Corn
k0636,Ice cream
k0636,chocolate
k0636,Onion
k0636,Eggs
k0637,Butter
k0637,Apple
k0637,Corn
k0637,Milk
k0637,Dill
k0638,Unicorn
k0638,Nutmeg
k0638,Butter
k0638,Milk
k0638,Apple
k0639,Cheese
k0639,Sugar
k0640,Apple
k0640,Dill
k0640,Nutmeg
k0640,Unicorn
k0640,Ice cream
k0641,Ice cream
k0641,Onion
k0641,Unicorn
k0641,Kidney Beans
k0641,Milk
k0641,Sugar
k0641,Bread
k0641,Butter
k0642,Sugar
k0642,Milk
k0642,Nutmeg
k0642,Onion
k0642,chocolate
k0643,Dill
k0643,Sugar
k0643,Nutmeg
k0643,Ice cream
k0643,Butter
k0643,Corn
k0643,Onion
k0644,Butter
k0644,Nutmeg
k0645,Eggs
k0645,Milk
k0645,Butter
k0645,chocolate
k0645,Onion
k0645,Cheese
k0645,Corn
k0645,Dill
k0646,Cheese
k0646,Nutmeg
k0646,Sugar
k0647,Kidney Beans
k0647,Apple
k0647,chocolate
k0647,Ice cream
k0647,Bread
k0647,Dill
k0647,Sugar
k0647,Yogurt
k0647,Unicorn
k0647,Onion
k0648,Sugar
k0648,Dill
k0648,Apple
k0648,chocolate
k0648,Corn
k0648,Milk
k0648,Yogurt
k0649,Onion
k0649,Eggs
k0649,Butter
k0649,Ice cream
k0649,Apple
k0649,Milk
k0650,chocolate
k0650,Nutmeg
k0650,Ice cream
k0650,Milk
k0650,Kidney Beans
k0650,Bread
k0650,Onion
k0650,Cheese
k0650,Unicorn
k0651,Butter
k0651,Apple
k0651,Onion
k0652,Butter
k0652,Onion
k0652,Ice cream
k0652,Nutmeg
k0652,Dill
k0652,Corn
k0652,Yogurt
k0652,Cheese
k0652,Apple
k0653,Apple
k0653,Nutmeg
k0653,Dill
k0653,chocolate
k0653,Bread
k0653,Butter
k0653,Kidney Beans
k0653,Ice cream
k0653,Onion
k0653,Cheese
k0653,Yogurt
k0654,Milk
k0654,Yogurt
k0654,Corn
k0654,Eggs
k0654,chocolate
k0654,Cheese
k0654,Unicorn
k0655,Eggs
k0655,Milk
k0655,Kidney Beans
k0655,Nutmeg
k0655,Onion
k0655,Butter
k0655,Cheese
k0655,Yogurt
k0656,Eggs
k0656,Dill
k0656,Bread
k0656,Butter
k0656,Apple
k0657,Bread
k0657,Butter
k0657,Eggs
k0657,Dill
k0657,Sugar
k0657,Yogurt
k0657,Ice cream
k0657,chocolate
k0657,Apple
k0658,Onion
k0658,Ice cream
k0658,Cheese
k0658,Dill
k0658,Corn
k0658,Nutmeg
k0658,Butter
k0658,Kidney Beans
k0658,Yogurt
k0659,Kidney Beans
k0659,Dill
k0659,Apple
k0659,Yogurt
k0659,Nutmeg
k0660,Onion
k0660,Butter
k0660,Nutmeg
k0660,Cheese
k0660,Eggs
k0661,Bread
k0661,Milk
k0661,Kidney Beans
k0662,Corn
k0662,Bread
k0662,chocolate
k0662,Eggs
k0662,Milk
k0663,Cheese
k0663,Corn
k0663,Ice cream
k0663,Bread
k0663,Dill
k0663,Butter
k0664,Corn
k0665,Butter
k0665,Ice cream
k0665,chocolate
k0665,Unicorn
k0665,Nutmeg
k0665,Kidney Beans
k0666,Nutmeg
k0666,Ice cream
k0666,Onion
k0666,Yogurt
k0666,Milk
k0666,Eggs
k0666,Butter
k0666,Apple
k0666,chocolate
k0666,Kidney Beans
k0667,Apple
k0667,Eggs
k0667,Yogurt
k0667,Corn
k0667,Milk
k0667,Kidney Beans
k0667,Butter
k0667,chocolate
k0667,Cheese
k0667,Nutmeg
k0668,Unicorn
k0668,Sugar
k0668,Yogurt
k0668,Onion
k0668,chocolate
k0668,Nutmeg
k0668,Kidney Beans
k0668,Cheese
k0668,Dill
k0668,Bread
k0669,Nutmeg
k0669,Sugar
k0669,Corn
k0669,Bread
k0669,Yogurt
k0669,Butter
k0670,Sugar
k0670,Cheese
k0670,Nutmeg
k0670,Bread
k0670,Yogurt
k0670,Eggs
k0671,Cheese
k0671,chocolate
k0671,Corn
k0671,Bread
k0671,Eggs
k0671,Sugar
k0671,Kidney Beans
k0671,Onion
k0671,Unicorn
k0671,Apple
k0671,Yogurt
k0672,Apple
k0673,Bread
k0673,Onion
k0673,Kidney Beans
k0673,Apple
k0673,chocolate
k0673,Unicorn
k0673,Ice cream
k0673,Nutmeg
k0673,Cheese
k0673,Dill
k0674,Cheese
k0674,Dill
k0674,Corn
k0674,Ice cream
k0674,Bread
k0674,Apple
k0674,Milk
k0675,Kidney Beans
k0675,Onion
k0675,Sugar
k0675,Cheese
k0675,Milk
k0675,Dill
k0675,Unicorn
k0675,Eggs
k0675,chocolate
k0676,Bread
k0676,Milk
k0676,Eggs
k0676,chocolate
k0677,Dill
k0677,Milk
k0677,Unicorn
k0677,Eggs
k0677,chocolate
k0677,Yogurt
k0678,chocolate
k0678,Cheese
k0678,Unicorn
k0679,Ice cream
k0679,Kidney Beans
k0679,Nutmeg
k0679,chocolate
k0679,Cheese
k0679,Onion
k0679,Apple
k0679,Milk
k0679,Sugar
k0680,Kidney Beans
k0680,Cheese
k0680,Dill
k0680,Sugar
k0680,Onion
k0680,Corn
k0680,Unicorn
k0680,Yogurt
k0680,Apple
k0681,Ice cream
k0681,Eggs
k0681,Onion
k0681,Kidney Beans
k0681,Yogurt
k0681,Milk
k0681,chocolate
k0681,Cheese
k0681,Corn
k0681,Butter
k0681,Bread
k0682,Butter
k0682,Onion
k0682,Sugar
k0682,Bread
k0682,Corn
k0682,Nutmeg
k0682,Ice cream
k0683,chocolate
k0683,Apple
k0683,Cheese
k0683,Dill
k0683,Ice cream
k0684,Corn
k0684,Ice cream
k0684,Nutmeg
k0684,Bread
k0684,chocolate
k0684,Cheese
k0684,Sugar
k0685,Kidney Beans
k0685,Ice cream
k0685,Unicorn
k0685,Yogurt
k0685,Eggs
k0686,Ice cream
k0686,Unicorn
k0686,Apple
k0686,Sugar
k0686,Kidney Beans
k0686,Milk
k0686,Butter
k0687,Butter
k0687,Milk
k0687,Sugar
k0687,Corn
k0687,Nutmeg
k0687,Apple
k0687,Kidney Beans
k0687,Yogurt
k0688,Dill
k0688,Milk
k0688,Bread
k0688,Cheese
k0688,Ice cream
k0688,Unicorn
k0688,Yogurt
k0689,Yogurt
k0689,chocolate
k0689,Eggs
k0689,Corn
k0690,chocolate
k0690,Unicorn
k0690,Nutmeg
k0690,Kidney Beans
k0690,Dill
k0690,Bread
k0690,Corn
k0690,Butter
k0690,Milk
k0691,Kidney Beans
k0691,Nutmeg
k0691,Corn
k0691,Milk
k0691,Butter
k0691,Sugar
k0691,Ice cream
k0691,Bread
k0691,Onion
k0692,Dill
k0692,Bread
k0692,Unicorn
k0692,Apple
k0692,Nutmeg
k0692,Milk
k0692,Onion
k0692,chocolate
k0692,Ice cream
k0693,Ice cream
k0694,Sugar
k0694,Kidney Beans
k0694,Milk
k0694,Corn
k0694,Eggs
k0694,Dill
k0694,Nutmeg
k0695,Apple
k0695,Cheese
k0695,Kidney Beans
k0695,chocolate
k0695,Eggs
k0695,Onion
k0695,Nutmeg
k0696,Eggs
k0696,Bread
k0697,Eggs
k0697,Ice cream
k0697,Milk
k0697,Corn
k0697,Butter
k0697,chocolate
k0697,Bread
k0698,Ice cream
k0698,Yogurt
k0698,Corn
k0698,Apple
k0699,Nutmeg
k0699,Kidney Beans
k0699,Yogurt
k0699,Milk
k0699,Sugar
k0699,Cheese
k0699,Butter
k0700,Butter
k0700,Eggs
k0700,Kidney Beans
k0700,Apple
k0700,Dill
k0700,chocolate
k0700,Corn
k0700,Unicorn
k0700,Ice cream
k0701,Onion
k0701,Bread
k0701,Butter
k0701,Unicorn
k0702,Ice cream
k0702,Apple
k0702,Unicorn
k0702,Yogurt
k0702,Kidney Beans
k0702,Milk
k0702,Eggs
k0702,Corn
k0702,Onion
k0702,Bread
k0703,Nutmeg
k0703,Milk
k0703,Apple
k0703,chocolate
k0703,Onion
k0703,Eggs
k0703,Bread
k0703,Unicorn
k0703,Dill
k0704,Dill
k0704,Corn
k0705,Butter
k0705,Kidney Beans
k0705,Milk
k0705,Dill
k0706,Corn
k0706,Sugar
k0706,Eggs
k0706,Ice cream
k0706,Cheese
k0706,Butter
k0707,Milk
k0707,Dill
k0707,Bread
k0707,Kidney Beans
k0707,Yogurt
k0707,Cheese
k0707,Nutmeg
k0707,Apple
k0708,Cheese
k0708,Milk
k0708,Nutmeg
k0708,Kidney Beans
k0708,Apple
k0709,Bread
k0709,Milk
k0709,Onion
k0709,Apple
k0709,Corn
k0709,Kidney Beans
k0710,Nutmeg
k0710,Dill
k0710,Ice cream
k0710,chocolate
k0710,Corn
k0710,Onion
k0710,Apple
k0710,Kidney Beans
k0711,Milk
k0711,chocolate
k0711,Kidney Beans
k0711,Onion
k0711,Yogurt
k0712,Bread
k0712,Unicorn
k0713,Dill
k0714,Eggs
k0714,Yogurt
k0714,Sugar
k0714,Butter
k0714,Dill
k0714,Milk
k0714,Ice cream
k0714,Nutmeg
k0714,chocolate
k0715,Bread
k0715,chocolate
k0715,Nutmeg
k0716,Ice cream
k0716,Cheese
k0716,Sugar
k0716,Butter
k0716,Bread
k0716,Corn
k0717,Unicorn
k0717,Milk
k0717,Butter
k0717,Onion
k0717,Eggs
k0717,Apple
k0717,Yogurt
k0718,Unicorn
k0718,Sugar
k0718,Apple
k0718,Bread
k0718,Ice cream
k0719,Apple
k0719,Corn
k0719,Dill
k0719,Kidney Beans
k0719,Bread
k0719,Yogurt
k0719,Butter
k0719,Unicorn
k0719,Ice cream
k0719,chocolate
k0720,chocolate
k0720,Eggs
k0721,Eggs
k0721,Unicorn
k0721,Apple
k0721,chocolate
k0721,Corn
k0722,Corn
k0722,Yogurt
k0722,chocolate
k0722,Milk
k0722,Apple
k0723,Yogurt
k0723,Butter
k0723,Bread
k0723,Milk
k0723,Apple
k0723,Corn
k0723,chocolate
k0724,Unicorn
k0724,Nutmeg
k0724,Cheese
k0725,Eggs
k0725,Sugar
k0725,Kidney Beans
k0725,Corn
k0725,Cheese
k0725,Nutmeg
k0726,Corn
k0726,Kidney Beans
k0726,Sugar
k0726,chocolate
k0726,Eggs
k0726,Apple
k0726,Milk
k0726,Onion
k0726,Cheese
k0726,Dill
k0727,Yogurt
k0727,chocolate
k0727,Milk
k0727,Butter
k0727,Bread
k0727,Cheese
k0728,chocolate
k0728,Eggs
k0728,Sugar
k0728,Cheese
k0728,Unicorn
k0728,Butter
k0728,Onion
k0728,Kidney Beans
k0728,Nutmeg
k0728,Dill
k0728,Ice cream
k0729,Cheese
k0729,Dill
k0729,Butter
k0729,Onion
k0729,Apple
k0729,chocolate
k0729,Corn
k0729,Milk
k0730,Butter
k0730,Dill
k0730,Sugar
k0730,Eggs
k0730,Cheese
k0731,Nutmeg
k0731,Eggs
k0731,Ice cream
k0731,Corn
k0731,Milk
k0732,Nutmeg
k0732,Eggs
k0732,Bread
k0733,Milk
k0734,Apple
k0734,Kidney Beans
k0734,Nutmeg
k0734,Yogurt
k0734,chocolate
k0734,Bread
k0734,Dill
k0734,Sugar
k0735,Milk
k0735,chocolate
k0735,Nutmeg
k0735,Apple
k0735,Unicorn
k0735,Butter
k0735,Eggs
k0735,Ice cream
k0736,Cheese
k0736,Nutmeg
k0736,Unicorn
k0736,chocolate
k0736,Yogurt
k0737,Cheese
k0738,Dill
k0738,Corn
k0738,Apple
k0738,Yogurt
k0738,Milk
k0739,Yogurt
k0739,Onion
k0739,Dill
k0739,Cheese
k0739,Milk
k0739,Bread
k0739,Corn
k0739,Butter
k0739,Ice cream
k0739,Kidney Beans
k0740,Milk
k0740,Ice cream
k0740,Onion
k0740,Dill
k0740,Nutmeg
k0740,Eggs
k0740,Butter
k0740,Sugar
k0740,Apple
k0740,Cheese
k0741,Ice cream
k0741,Apple
k0741,Unicorn
k0741,Yogurt
k0741,Corn
k0741,Butter
k0741,Onion
k0741,Nutmeg
k0741,Sugar
k0741,Eggs
k0742,Cheese
k0742,Eggs
k0742,Onion
k0742,Ice cream
k0743,Nutmeg
k0743,Milk
k0743,chocolate
k0744,Nutmeg
k0744,Milk
k0744,Yogurt
k0744,Bread
k0744,Kidney Beans
k0744,Dill
k0744,Unicorn
k0745,Cheese
k0745,Yogurt
k0745,Dill
k0746,Ice cream
k0746,Apple
k0746,chocolate
k0746,Nutmeg
k0746,Corn
k0746,Cheese
k0746,Kidney Beans
k0746,Butter
k0746,Sugar
k0747,Unicorn
k0747,Eggs
k0747,Ice cream
k0747,Kidney Beans
k0747,Dill
k0747,Milk
k0747,Cheese
k0747,Bread
k0747,chocolate
k0748,Apple
k0748,Ice cream
k0748,Eggs
k0748,chocolate
k0748,Milk
k0748,Bread
k0748,Onion
k0748,Unicorn
k0748,Kidney Beans
k0749,chocolate
k0749,Bread
k0749,Kidney Beans
k0750,Corn
k0750,Bread
k0750,Dill
k0750,Onion
k0750,Cheese
k0750,Apple
k0750,Yogurt
k0750,Butter
k0751,Yogurt
k0751,Sugar
k0751,Onion
k0751,Milk
k0751,Butter
k0752,Ice cream
k0752,Eggs
k0752,Kidney Beans
k0752,Yogurt
k0752,Bread
k0752,Milk
k0752,Apple
k0752,Unicorn
k0752,Dill
k0752,Onion
k0752,Butter
k0753,Sugar
k0753,Butter
k0753,Dill
k0753,Onion
k0753,Nutmeg
k0753,Ice cream
k0753,Milk
k0753,Yogurt
k0753,Bread
k0754,Cheese
k0754,Nutmeg
k0754,Kidney Beans
k0754,Eggs
k0754,chocolate
k0754,Milk
k0754,Butter
k0755,Nutmeg
k0755,Milk
k0755,Ice cream
k0755,Onion
k0755,chocolate
k0755,Unicorn
k0755,Sugar
k0755,Cheese
k0756,Milk
k0756,chocolate
k0756,Butter
k0756,Dill
k0756,Eggs
k0756,Onion
k0756,Bread
k0757,Nutmeg
k0757,Bread
k0757,Cheese
k0757,Eggs
k0757,Kidney Beans
k0758,Sugar
k0758,Cheese
k0758,Nutmeg
k0758,Dill
k0758,Ice cream
k0758,Onion
k0758,Kidney Beans
k0758,Yogurt
k0758,Corn
k0758,Bread
k0758,Eggs
k0759,Onion
k0759,Bread
k0759,chocolate
k0759,Butter
k0759,Ice cream
k0760,Butter
k0760,Bread
k0760,Onion
k0760,Dill
k0760,chocolate
k0760,Sugar
k0760,Nutmeg
k0761,Yogurt
k0761,Butter
k0761,Apple
k0761,Cheese
k0761,Kidney Beans
k0761,Unicorn
k0761,Onion
k0761,Ice cream
k0761,Sugar
k0762,Onion
k0762,chocolate
k0762,Nutmeg
k0762,Butter
k0762,Sugar
k0762,Bread
k0762,Yogurt
k0762,Cheese
k0763,Onion
k0763,Nutmeg
k0763,Corn
k0763,Eggs
k0763,Apple
k0763,Cheese
k0764,Yogurt
k0764,Dill
k0764,Cheese
k0764,Milk
k0764,Ice cream
k0764,Kidney Beans
k0764,Corn
k0764,Nutmeg
k0765,Yogurt
k0765,Corn
k0765,Butter
k0765,Unicorn
k0765,Bread
k0765,Dill
k0765,Kidney Beans
k0765,Sugar
k0765,Eggs
k0765,Nutmeg
k0765,Apple
k0765,Cheese
k0766,Nutmeg
k0766,Dill
k0766,Ice cream
k0767,Bread
k0767,Onion
k0767,Nutmeg
k0767,Kidney Beans
k0767,Yogurt
k0767,Eggs
k0767,Apple
k0767,Butter
k0767,chocolate
k0768,Kidney Beans
k0768,Eggs
k0768,chocolate
k0768,Nutmeg
k0768,Ice cream
k0768,Corn
k0768,Dill
k0769,Milk
k0769,Unicorn
k0769,Kidney Beans
k0769,Onion
k0769,Corn
k0769,Ice cream
k0769,Cheese
k0769,Yogurt
k0770,chocolate
k0770,Onion
k0770,Eggs
k0771,Yogurt
k0771,Kidney Beans
k0771,Corn
k0771,Unicorn
k0771,Milk
k0772,chocolate
k0772,Kidney Beans
k0772,Nutmeg
k0772,Sugar
k0773,Cheese
k0773,Dill
k0773,Kidney Beans
k0773,Milk
k0773,Eggs
k0773,Unicorn
k0773,Apple
k0773,Yogurt
k0774,Sugar
k0774,Yogurt
k0774,Ice cream
k0774,Bread
k0774,Corn
k0774,Unicorn
k0774,Kidney Beans
k0774,chocolate
k0774,Apple
k0775,Bread
k0775,Ice cream
k0775,Unicorn
k0775,chocolate
k0775,Onion
k0775,Apple
k0775,Milk
k0775,Yogurt
k0775,Dill
k0776,Unicorn
k0776,Butter
k0777,Sugar
k0777,Nutmeg
k0777,Butter
k0777,Milk
k0777,Dill
k0777,Unicorn
k0777,Onion
k0777,Eggs
k0777,Kidney Beans
k0777,chocolate
k0778,Bread
k0778,Kidney Beans
k0778,Butter
k0778,Onion
k0778,Dill
k0778,Corn
k0778,Milk
k0778,Apple
k0778,Sugar
k0779,Unicorn
k0779,Milk
k0780,Cheese
k0780,Dill
k0780,Sugar
k0780,Eggs
k0780,Onion
k0780,Bread
k0781,Cheese
k0781,Nutmeg
k0781,Butter
k0781,Dill
k0781,Apple
k0782,Yogurt
k0782,Eggs
k0782,Nutmeg
k0782,Unicorn
k0783,Dill
k0783,Yogurt
k0783,Eggs
k0783,Cheese
k0783,Onion
k0784,Eggs
k0785,Sugar
k0785,Unicorn
k0785,Eggs
k0786,Unicorn
k0786,Sugar
k0786,Dill
k0786,Eggs
k0787,Cheese
k0787,Eggs
k0788,Eggs
k0788,Bread
k0788,Cheese
k0788,Unicorn
k0789,Sugar
k0789,Bread
k0789,Corn
k0789,chocolate
k0789,Butter
k0790,Cheese
k0790,Nutmeg
k0790,Eggs
k0790,Butter
k0790,Corn
k0790,Unicorn
k0790,Yogurt
k0790,Sugar
k0791,Kidney Beans
k0791,Apple
k0791,Cheese
k0791,Sugar
k0791,Eggs
k0791,Yogurt
k0792,Sugar
k0792,Dill
k0792,Eggs
k0792,Yogurt
k0792,Nutmeg
k0792,Cheese
k0792,Apple
k0792,Corn
k0792,Bread
k0793,Kidney Beans
k0793,Milk
k0793,Dill
k0793,Cheese
k0793,Sugar
k0793,chocolate
k0794,Kidney Beans
k0794,Nutmeg
k0794,Dill
k0794,Unicorn
k0794,Sugar
k0794,Ice cream
k0794,Bread
k0795,Unicorn
k0796,chocolate
k0796,Ice cream
k0796,Eggs
k0796,Kidney Beans
k0797,Yogurt
k0797,Butter
k0797,Nutmeg
k0797,Cheese
k0797,Corn
k0797,Sugar
k0797,Milk
k0798,Ice cream
k0799,Kidney Beans
k0800,Ice cream
k0800,Yogurt
k0800,Onion
k0801,Corn
k0801,Unicorn
k0801,Eggs
k0801,Butter
k0801,Sugar
k0801,Onion
k0801,Bread
k0801,Milk
k0801,Ice cream
k0801,chocolate
k0802,Dill
k0802,Apple
k0802,Butter
k0802,Corn
k0802,chocolate
k0802,Milk
k0802,Onion
k0802,Sugar
k0802,Unicorn
k0803,Nutmeg
k0803,Butter
k0803,Corn
k0803,Cheese
k0803,Sugar
k0803,Bread
k0803,Kidney Beans
k0804,Milk
k0804,Sugar
k0804,Ice cream
k0804,Cheese
k0804,Unicorn
k0804,Eggs
k0804,Corn
k0804,Butter
k0805,Milk
k0805,Ice cream
k0805,Bread
k0805,Dill
k0806,Butter
k0806,Eggs
k0806,Milk
k0806,Cheese
k0806,Yogurt
k0806,Apple
k0806,Nutmeg
k0806,Sugar
k0806,Onion
k0806,chocolate
k0806,Bread
k0807,Eggs
k0807,Onion
k0807,Apple
k0807,Yogurt
k0808,Nutmeg
k0808,Eggs
k0808,Kidney Beans
k0808,Yogurt
k0808,Dill
k0808,Sugar
k0808,chocolate
k0808,Butter
k0809,Bread
k0809,Yogurt
k0809,Ice cream
k0809,Nutmeg
k0809,Cheese
k0809,Onion
k0809,Sugar
k0809,Eggs
k0809,Milk
k0810,Milk
k0810,Dill
k0810,Unicorn
k0810,Corn
k0810,Sugar
k0810,Eggs
k0810,Nutmeg
k0811,Onion
k0811,Dill
k0811,Butter
k0811,Kidney Beans
k0811,chocolate
k0811,Unicorn
k0811,Cheese
k0812,Bread
k0812,Eggs
k0812,chocolate
k0812,Ice cream
k0812,Yogurt
k0812,Dill
k0812,Nutmeg
k0812,Cheese
k0812,Corn
k0813,Sugar
k0813,Bread
k0813,Unicorn
k0813,Apple
k0813,Kidney Beans
k0813,Yogurt
k0813,chocolate
k0814,Apple
k0814,Dill
k0814,Nutmeg
k0814,Eggs
k0814,Milk
k0814,chocolate
k0815,Milk
k0815,Unicorn
k0816,Eggs
k0816,Yogurt
k0816,Onion
k0816,Unicorn
k0816,Nutmeg
k0816,Sugar
k0817,chocolate
k0817,Apple
k0817,Bread
k0817,Unicorn
k0817,Yogurt
k0817,Sugar
k0817,Onion
k0818,Yogurt
k0818,Cheese
k0819,Sugar
k0819,chocolate
k0819,Kidney Beans
k0819,Cheese
k0819,Yogurt
k0819,Apple
k0819,Milk
k0820,Cheese
k0820,Ice cream
k0820,Bread
k0820,Nutmeg
k0820,Sugar
k0820,Corn
k0820,chocolate
k0821,Unicorn
k0821,Onion
k0821,Corn
k0821,Eggs
k0821,Kidney Beans
k0821,Cheese
k0821,Nutmeg
k0822,Kidney Beans
k0822,Eggs
k0823,Ice cream
k0823,Eggs
k0823,Sugar
k0823,Corn
k0823,Onion
k0824,Sugar
k0825,chocolate
k0825,Bread
k0825,Ice cream
k0825,Corn
k0825,Sugar
k0825,Kidney Beans
k0825,Onion
k0825,Milk
k0825,Nutmeg
k0825,Butter
k0826,Corn
k0826,Butter
k0826,chocolate
k0827,Eggs
k0827,Apple
k0827,Yogurt
k0827,Sugar
k0827,chocolate
k0828,Sugar
k0828,chocolate
k0828,Kidney Beans
k0828,Butter
k0829,Butter
k0829,Cheese
k0829,Bread
k0829,chocolate
k0829,Dill
k0829,Nutmeg
k0829,Eggs
k0829,Milk
k0829,Unicorn
k0830,Bread
k0830,Nutmeg
k0830,Sugar
k0830,Dill
k0830,Unicorn
k0830,Onion
k0830,Yogurt
k0830,Eggs
k0831,Milk
k0831,Butter
k0831,chocolate
k0831,Unicorn
k0831,Ice cream
k0832,Corn
k0832,Eggs
k0832,chocolate
k0832,Nutmeg
k0832,Sugar
k0832,Milk
k0832,Cheese
k0832,Bread
k0833,Kidney Beans
k0833,chocolate
k0833,Yogurt
k0833,Sugar
k0833,Cheese
k0833,Ice cream
k0834,Dill
k0834,Apple
k0834,Kidney Beans
k0834,Butter
k0835,Onion
k0835,Apple
k0835,Milk
k0835,chocolate
k0835,Bread
k0835,Yogurt
k0835,Kidney Beans
k0835,Nutmeg
k0835,Dill
k0836,Ice cream
k0836,Cheese
k0836,Unicorn
k0836,Dill
k0836,Corn
k0836,Onion
k0836,Milk
k0836,Bread
k0836,chocolate
k0837,Onion
k0837,Sugar
k0837,Ice cream
k0837,Eggs
k0838,Yogurt
k0838,Cheese
k0838,Butter
k0838,Unicorn
k0838,Onion
k0838,Dill
k0838,Apple
k0839,Milk
k0839,chocolate
k0839,Kidney Beans
k0839,Unicorn
k0839,Butter
k0839,Dill
k0839,Ice cream
k0839,Apple
k0839,Eggs
k0839,Corn
k0840,Onion
k0840,Sugar
k0840,Nutmeg
k0840,Ice cream
k0840,Yogurt
k0840,Bread
k0841,Dill
k0841,Unicorn
k0841,Kidney Beans
k0841,Apple
k0841,Ice cream
k0841,Onion
k0841,Nutmeg
k0841,Butter
k0842,Kidney Beans
k0842,Eggs
k0842,Yogurt
k0842,Unicorn
k0842,Corn
k0842,Butter
k0842,Cheese
k0842,Nutmeg
k0842,Bread
k0843,Butter
k0844,Eggs
k0845,Corn
k0845,Bread
k0845,Cheese
k0846,Dill
k0846,Yogurt
k0846,Eggs
k0846,Bread
k0846,Sugar
k0846,Unicorn
k0846,Kidney Beans
k0846,Apple
k0846,Milk
k0847,Butter
k0847,Apple
k0847,Corn
k0848,Milk
k0848,Ice cream
k0848,Cheese
k0848,Kidney Beans
k0848,Unicorn
k0848,Eggs
k0848,Sugar
k0848,Bread
k0848,Corn
k0849,Eggs
k0849,Corn
k0849,chocolate
k0849,Milk
k0849,Apple
k0849,Kidney Beans
k0849,Butter
k0850,Ice cream
k0850,Milk
k0850,Kidney Beans
k0850,Butter
k0850,Apple
k0850,Cheese
k0851,Onion
k0851,Yogurt
k0851,Dill
k0851,Ice cream
k0851,Bread
k0851,Nutmeg
k0851,Sugar
k0852,Onion
k0853,Cheese
k0853,Sugar
k0853,Kidney Beans
k0853,Ice cream
k0853,Onion
k0853,Butter
k0853,Bread
k0853,Milk
k0853,Unicorn
k0853,Nutmeg
k0854,Kidney Beans
k0854,Eggs
k0854,Butter
k0854,chocolate
k0854,Cheese
k0854,Yogurt
k0854,Sugar
k0854,Apple
k0854,Ice cream
k0854,Nutmeg
k0854,Milk
k0855,Nutmeg
k0855,Dill
k0855,Corn
k0855,Bread
k0855,chocolate
k0855,Onion
k0855,Sugar
k0855,Eggs
k0856,Butter
k0856,Cheese
k0856,Milk
k0856,Sugar
k0856,Eggs
k0856,Corn
k0856,Kidney Beans
k0856,chocolate
k0857,Milk
k0857,Cheese
k0857,Eggs
k0857,chocolate
k0857,Apple
k0857,Yogurt
k0857,Butter
k0857,Onion
k0857,Corn
k0857,Unicorn
k0857,Ice cream
k0858,Yogurt
k0858,Bread
k0858,chocolate
k0858,Cheese
k0858,Eggs
k0858,Apple
k0858,Nutmeg
k0858,Butter
k0859,Butter
k0859,Eggs
k0860,Unicorn
k0860,Eggs
k0860,Yogurt
k0860,Apple
k0860,Milk
k0860,chocolate
k0860,Corn
k0861,Yogurt
k0861,Corn
k0861,Dill
k0861,Eggs
k0861,Sugar
k0861,Ice cream
k0862,Eggs
k0862,Onion
k0862,Apple
k0862,Bread
k0862,Nutmeg
k0863,Kidney Beans
k0863,Onion
k0863,Yogurt
k0863,Sugar
k0863,Dill
k0864,chocolate
k0864,Ice cream
k0864,Bread
k0864,Apple
k0864,Unicorn
k0864,Corn
k0864,Sugar
k0864,Onion
k0864,Cheese
k0864,Butter
k0865,Milk
k0865,Ice cream
k0865,Cheese
k0865,chocolate
k0865,Kidney Beans
k0865,Corn
k0865,Dill
k0865,Onion
k0865,Unicorn
k0865,Bread
k0865,Nutmeg
k0866,Apple
k0866,Yogurt
k0866,Eggs
k0866,Ice cream
k0867,Milk
k0867,Eggs
k0868,Milk
k0868,Apple
k0868,Yogurt
k0868,Eggs
k0868,Ice cream
k0868,Unicorn
k0868,chocolate
k0868,Nutmeg
k0869,Butter
k0869,Apple
k0869,Unicorn
k0869,Onion
k0869,Bread
k0870,Corn
k0870,Milk
k0870,Sugar
k0871,chocolate
k0871,Kidney Beans
k0871,Nutmeg
k0871,Bread
k0871,Cheese
k0871,Butter
k0871,Apple
k0871,Unicorn
k0871,Ice cream
k0871,Dill
k0872,Bread
k0872,Butter
k0872,Unicorn
k0872,Apple
k0872,Eggs
k0873,Ice cream
k0873,Onion
k0873,Yogurt
k0873,Butter
k0873,Apple
k0873,chocolate
k0874,Yogurt
k0874,Apple
k0874,Dill
k0874,Sugar
k0874,Unicorn
k0874,Butter
k0874,Corn
k0874,Ice cream
k0874,Eggs
k0874,Onion
k0874,Cheese
k0874,Kidney Beans
k0875,Cheese
k0875,Unicorn
k0875,Eggs
k0875,Yogurt
k0875,Dill
k0875,chocolate
k0875,Milk
k0875,Onion
k0875,Bread
k0876,Kidney Beans
k0876,Ice cream
k0876,Unicorn
k0876,Onion
k0876,Bread
k0876,Butter
k0876,Corn
k0876,chocolate
k0877,Onion
k0877,Butter
k0877,Ice cream
k0877,chocolate
k0877,Unicorn
k0877,Dill
k0877,Nutmeg
k0877,Sugar
k0877,Milk
k0878,Dill
k0878,Corn
k0878,Eggs
k0878,Bread
k0878,chocolate
k0879,Corn
k0879,Bread
k0879,Milk
k0879,Apple
k0879,Eggs
k0880,Ice cream
k0880,chocolate
k0880,Sugar
k0880,Butter
k0880,Kidney Beans
k0880,Eggs
k0881,Sugar
k0881,Cheese
k0881,Ice cream
k0881,Yogurt
k0881,Eggs
k0881,Kidney Beans
k0881,Bread
k0881,Corn
k0882,Dill
k0882,Yogurt
k0882,Sugar
k0882,Bread
k0882,Milk
k0882,Onion
k0883,Kidney Beans
k0883,Ice cream
k0883,Apple
k0883,Bread
k0883,Nutmeg
k0883,Sugar
k0883,chocolate
k0883,Unicorn
k0883,Corn
k0883,Cheese
k0883,Yogurt
k0884,Milk
k0884,Cheese
k0884,chocolate
k0884,Onion
k0884,Dill
k0884,Yogurt
k0884,Sugar
k0884,Bread
k0884,Ice cream
k0885,Nutmeg
k0885,Corn
k0885,Dill
k0885,Milk
k0885,Butter
k0885,Cheese
k0885,Onion
k0885,Sugar
k0886,Cheese
k0886,Yogurt
k0887,Yogurt
k0887,Eggs
k0887,Kidney Beans
k0888,Nutmeg
k0888,Kidney Beans
k0888,Bread
k0888,Yogurt
k0888,Onion
k0888,Cheese
k0889,Sugar
k0889,Apple
k0889,Yogurt
k0889,Butter
k0889,Bread
k0890,Eggs
k0890,chocolate
k0890,Onion
k0890,Unicorn
k0891,Milk
k0891,Kidney Beans
k0891,Butter
k0891,Onion
k0891,Yogurt
k0891,Cheese
k0891,Corn
k0891,Dill
k0891,Bread
k0891,Ice cream
k0891,chocolate
k0892,Cheese
k0892,Unicorn
k0892,Ice cream
k0892,Onion
k0892,Nutmeg
k0892,chocolate
k0892,Corn
k0892,Kidney Beans
k0893,Bread
k0893,Sugar
k0893,Unicorn
k0893,Milk
k0893,Onion
k0893,Ice cream
k0893,Butter
k0893,Eggs
k0893,Nutmeg
k0894,Cheese
k0894,Bread
k0894,Corn
k0894,chocolate
k0894,Onion
k0894,Yogurt
k0894,Milk
k0894,Nutmeg
k0895,Cheese
k0895,Sugar
k0895,Kidney Beans
k0896,Yogurt
k0896,Dill
k0896,Unicorn
k0896,Onion
k0896,Milk
k0896,Apple
k0896,Nutmeg
k0896,Eggs
k0896,Butter
k0897,Sugar
k0897,Dill
k0897,Milk
k0897,Apple
k0897,Kidney Beans
k0897,Bread
k0897,Butter
k0897,Ice cream
k0897,Eggs
k0898,Cheese
k0898,Milk
k0898,Yogurt
k0898,Dill
k0898,Ice cream
k0898,chocolate
k0898,Corn
k0898,Eggs
k0898,Kidney Beans
k0899,Sugar
k0899,Butter
k0899,Corn
k0899,Onion
k0899,Bread
k0899,Kidney Beans
k0899,Milk
k0899,Ice cream
k0899,Apple
k0899,Nutmeg
k0899,Eggs
k0900,Unicorn
k0900,Eggs
k0900,Cheese
k0900,Yogurt
k0900,Nutmeg
k0900,Kidney Beans
k0900,Apple
k0900,Ice cream
k0900,Milk
k0901,Cheese
k0901,Butter
k0901,Sugar
k0901,Apple
k0901,Kidney Beans
k0901,Dill
k0901,Eggs
k0901,chocolate
k0901,Milk
k0901,Bread
k0902,Butter
k0902,Ice cream
k0903,Corn
k0903,Butter
k0903,chocolate
k0903,Milk
k0903,Bread
k0903,Ice cream
k0903,Kidney Beans
k0903,Sugar
k0903,Cheese
k0904,Eggs
k0904,Apple
k0905,Unicorn
k0905,Milk
k0905,Butter
k0905,Sugar
k0905,Dill
k0905,Apple
k0905,chocolate
k0906,Butter
k0906,Dill
k0906,Corn
k0906,Bread
k0906,Milk
k0906,Cheese
k0906,Nutmeg
k0906,chocolate
k0906,Yogurt
k0906,Kidney Beans
k0906,Sugar
k0906,Onion
k0907,Unicorn
k0907,Butter
k0907,Yogurt
k0907,Ice cream
k0907,Cheese
k0907,Nutmeg
k0907,Kidney Beans
k0908,chocolate
k0908,Apple
k0908,Nutmeg
k0908,Yogurt
k0908,Kidney Beans
k0908,Eggs
k0908,Corn
k0908,Onion
k0908,Cheese
k0908,Unicorn
k0908,Milk
k0908,Dill
k0909,Bread
k0909,Nutmeg
k0909,Kidney Beans
k0909,Cheese
k0909,Sugar
k0909,Apple
k0909,Unicorn
k0910,Bread
k0910,Corn
k0910,Eggs
k0910,Kidney Beans
k0910,Onion
k0911,Ice cream
k0911,Bread
k0911,Butter
k0911,Onion
k0911,chocolate
k0911,Cheese
k0911,Unicorn
k0911,Apple
k0911,Corn
k0912,Sugar
k0912,Kidney Beans
k0912,Corn
k0912,Apple
k0912,Nutmeg
k0912,Dill
k0912,Butter
k0912,Milk
k0912,Ice cream
k0912,Onion
k0913,Dill
k0913,Corn
k0914,Nutmeg
k0914,Sugar
k0914,Ice cream
k0914,Kidney Beans
k0914,Corn
k0914,Bread
k0914,Dill
k0914,Apple
k0915,Milk
k0915,Kidney Beans
k0915,Butter
k0915,Bread
k0915,Yogurt
k0915,Onion
k0915,Apple
k0915,Unicorn
k0916,chocolate
k0916,Butter
k0916,Dill
k0916,Onion
k0916,Nutmeg
k0916,Ice cream
k0916,Corn
k0917,Sugar
k0917,Bread
k0917,chocolate
k0917,Unicorn
k0917,Butter
k0917,Ice cream
k0917,Onion
k0917,Corn
k0917,Yogurt
k0917,Cheese
k0918,Dill
k0918,Nutmeg
k0918,Sugar
k0918,Yogurt
k0918,Eggs
k0918,Butter
k0919,Onion
k0919,Eggs
k0919,Nutmeg
k0919,Butter
k0919,Dill
k0919,Corn
k0920,chocolate
k0920,Butter
k0920,Nutmeg
k0920,Kidney Beans
k0920,Yogurt
k0920,Eggs
k0920,Onion
k0920,Corn
k0920,Sugar
k0921,Nutmeg
k0921,Milk
k0921,Sugar
k0922,Nutmeg
k0922,Apple
k0922,Unicorn
k0922,Sugar
k0922,Bread
k0922,Yogurt
k0922,Onion
k0922,chocolate
k0922,Corn
k0922,Milk
k0922,Cheese
k0922,Kidney Beans
k0923,Apple
k0923,Kidney Beans
k0923,chocolate
k0923,Unicorn
k0923,Ice cream
k0923,Corn
k0923,Milk
k0923,Dill
k0924,Eggs
k0924,Butter
k0924,Yogurt
k0924,Dill
k0924,Kidney Beans
k0925,Bread
k0925,Milk
k0925,Unicorn
k0925,Kidney Beans
k0925,Butter
k0925,Ice cream
k0926,Corn
k0926,Milk
k0926,Onion
k0926,Unicorn
k0926,Ice cream
k0926,Butter
k0926,chocolate
k0926,Dill
k0927,Ice cream
k0927,Nutmeg
k0927,chocolate
k0927,Onion
k0928,Kidney Beans
k0928,Butter
k0928,Ice cream
k0928,Unicorn
k0928,Yogurt
k0928,Bread
k0928,Sugar
k0928,chocolate
k0928,Nutmeg
k0928,Apple
k0928,Onion
k0929,Sugar
k0929,Kidney Beans
k0929,Butter
k0929,Ice cream
k0929,Unicorn
k0930,Butter
k0930,Ice cream
k0930,Eggs
k0930,Milk
k0930,Yogurt
k0930,Dill
k0930,Nutmeg
k0930,chocolate
k0930,Unicorn
k0931,Apple
k0931,Onion
k0931,Bread
k0931,Cheese
k0931,Nutmeg
k0932,Apple
k0932,Sugar
k0932,Onion
k0932,Bread
k0932,Ice cream
k0932,Unicorn
k0932,Corn
k0932,Nutmeg
k0933,Dill
k0933,Nutmeg
k0933,Cheese
k0933,Corn
k0933,Butter
k0933,Yogurt
k0933,Apple
k0933,chocolate
k0933,Sugar
k0934,Corn
k0934,Dill
k0934,Milk
k0934,Eggs
k0934,Bread
k0934,chocolate
k0934,Apple
k0934,Kidney Beans
k0934,Yogurt
k0935,Onion
k0935,Kidney Beans
k0935,Cheese
k0935,chocolate
k0936,Milk
k0936,chocolate
k0936,Nutmeg
k0936,Cheese
k0936,Dill
k0937,Cheese
k0937,Unicorn
k0937,Onion
k0937,Sugar
k0937,Eggs
k0937,Yogurt
k0938,Milk
k0938,Apple
k0938,Kidney Beans
k0938,Dill
k0939,Corn
k0939,Cheese
k0939,Unicorn
k0939,Apple
k0939,chocolate
k0939,Butter
k0939,Yogurt
k0939,Bread
k0939,Dill
k0939,Eggs
k0939,Milk
k0940,Butter
k0940,Corn
k0941,Nutmeg
k0941,Sugar
k0941,Butter
k0941,Cheese
k0941,Bread
k0941,Kidney Beans
k0941,chocolate
k0941,Unicorn
k0942,Apple
k0942,Butter
k0942,Onion
k0942,Yogurt
k0942,Cheese
k0942,Sugar
k0942,Eggs
k0943,Unicorn
k0943,chocolate
k0943,Milk
k0943,Bread
k0943,Apple
k0943,Yogurt
k0943,Onion
k0943,Ice cream
k0943,Eggs
k0943,Cheese
k0943,Dill
k0944,Corn
k0944,Bread
k0944,Unicorn
k0945,Unicorn
k0945,Cheese
k0945,chocolate
k0945,Kidney Beans
k0945,Onion
k0945,Eggs
k0945,Sugar
k0945,Apple
k0945,Dill
k0945,Corn
k0946,Nutmeg
k0946,Eggs
k0946,Yogurt
k0946,Kidney Beans
k0947,Butter
k0947,Sugar
k0947,Kidney Beans
k0947,Ice cream
k0947,Bread
k0947,Dill
k0948,Unicorn
k0948,Dill
k0948,Milk
k0948,Apple
k0948,Sugar
k0949,Nutmeg
k0949,Dill
k0950,Bread
k0950,Kidney Beans
k0950,Onion
k0950,Corn
k0950,Unicorn
k0950,Butter
k0950,Sugar
k0950,Cheese
k0950,Eggs
k0950,Milk
k0951,Bread
k0951,Unicorn
k0951,Ice cream
k0952,Corn
k0952,Kidney Beans
k0952,Ice cream
k0952,Apple
k0952,Nutmeg
k0952,Dill
k0952,Sugar
k0952,Cheese
k0952,Bread
k0952,Onion
k0952,Butter
k0953,Corn
k0953,Yogurt
k0953,Ice cream
k0953,Bread
k0953,Kidney Beans
k0953,Butter
k0953,Dill
k0953,Nutmeg
k0953,Sugar
k0953,Milk
k0954,Cheese
k0954,Corn
k0954,Milk
k0954,chocolate
k0954,Bread
k0954,Butter
k0955,Bread
k0955,Unicorn
k0955,Yogurt
k0955,Milk
k0955,chocolate
k0955,Cheese
k0956,Dill
k0956,Milk
k0956,Corn
k0956,Nutmeg
k0956,Ice cream
k0956,Cheese
k0956,Unicorn
k0956,Sugar
k0956,Apple
k0956,Kidney Beans
k0956,Eggs
k0957,Ice cream
k0957,Kidney Beans
k0957,Dill
k0957,Apple
k0958,Dill
k0958,Eggs
k0958,Milk
k0958,Sugar
k0958,Corn
k0958,Ice cream
k0958,Cheese
k0958,Kidney Beans
k0959,Yogurt
k0959,Bread
k0959,Unicorn
k0959,Butter
k0959,Milk
k0959,Eggs
k0959,Nutmeg
k0959,Corn
k0959,Kidney Beans
k0960,Apple
k0960,Sugar
k0960,Dill
k0960,Milk
k0960,Corn
k0960,Eggs
k0961,Eggs
k0962,Dill
k0962,Onion
k0962,Apple
k0962,Kidney Beans
k0962,Yogurt
k0962,Ice cream
k0962,Milk
k0962,Unicorn
k0962,Sugar
k0962,Cheese
k0963,Kidney Beans
k0963,Corn
k0963,Apple
k0963,Eggs
k0963,Nutmeg
k0963,Cheese
k0963,Yogurt
k0963,Bread
k0963,Ice cream
k0963,Milk
k0964,chocolate
k0964,Sugar
k0964,Bread
k0964,Yogurt
k0964,Cheese
k0964,Unicorn
k0964,Kidney Beans
k0964,Eggs
k0965,chocolate
k0965,Sugar
k0965,Milk
k0965,Nutmeg
k0965,Yogurt
k0965,Unicorn
k0965,Bread
k0965,Apple
k0965,Kidney Beans
k0966,Nutmeg
k0966,chocolate
k0966,Cheese
k0966,Kidney Beans
k0966,Ice cream
k0966,Yogurt
k0966,Bread
k0966,Butter
k0967,Nutmeg
k0967,Kidney Beans
k0967,Butter
k0967,Eggs
k0967,Yogurt
k0967,Sugar
k0967,Ice cream
k0967,chocolate
k0967,Onion
k0967,Milk
k0968,Corn
k0968,Butter
k0968,Ice cream
k0968,Unicorn
k0968,Nutmeg
k0968,Apple
k0969,Bread
k0969,Onion
k0969,chocolate
k0969,Corn
k0969,Butter
k0969,Apple
k0969,Nutmeg
k0969,Ice cream
k0970,Unicorn
k0970,Nutmeg
k0970,Kidney Beans
k0970,Ice cream
k0970,Milk
k0970,Yogurt
k0970,Eggs
k0970,Bread
k0970,Butter
k0970,Corn
k0971,Corn
k0971,Onion
k0971,Yogurt
k0971,Apple
k0971,Unicorn
k0971,Butter
k0971,Dill
k0971,Nutmeg
k0971,chocolate
k0971,Milk
k0972,Nutmeg
k0972,Apple
k0972,Milk
k0972,Unicorn
k0972,Dill
k0972,Butter
k0972,chocolate
k0972,Kidney Beans
k0973,Corn
k0973,Yogurt
k0973,Dill
k0973,Unicorn
k0973,Butter
k0974,Yogurt
k0974,Dill
k0974,Onion
k0974,Butter
k0974,Milk
k0974,chocolate
k0974,Nutmeg
k0974,Bread
k0974,Ice cream
k0974,Kidney Beans
k0975,Yogurt
k0975,Onion
k0975,chocolate
k0975,Nutmeg
k0975,Milk
k0975,Sugar
k0975,Corn
k0976,Cheese
k0976,Ice cream
k0976,Eggs
k0976,Butter
k0976,Kidney Beans
k0976,chocolate
k0976,Bread
k0976,Unicorn
k0976,Dill
k0977,Yogurt
k0978,Bread
k0978,chocolate
k0978,Ice cream
k0979,Butter
k0979,Corn
k0979,Cheese
k0979,Kidney Beans
k0979,Sugar
k0979,Nutmeg
k0979,Bread
k0979,Ice cream
k0979,Milk
k0980,Butter
k0980,Onion
k0981,Onion
k0981,Yogurt
k0981,chocolate
k0981,Butter
k0982,Corn
k0982,Nutmeg
k0982,Kidney Beans
k0982,Ice cream
k0982,Butter
k0982,Apple
k0982,chocolate
k0982,Unicorn
k0982,Bread
k0982,Eggs
k0982,Yogurt
k0983,Onion
k0983,Dill
k0983,Corn
k0984,Kidney Beans
k0984,Milk
k0984,Eggs
k0984,Apple
k0985,Cheese
k0985,chocolate
k0985,Sugar
k0985,Dill
k0985,Apple
k0985,Kidney Beans
k0985,Ice cream
k0985,Unicorn
k0985,Eggs
k0985,Butter
k0986,Nutmeg
k0986,Cheese
k0986,Dill
k0986,Milk
k0986,Onion
k0986,Yogurt
k0986,Ice cream
k0986,Sugar
k0986,Kidney Beans
k0986,Bread
k0986,Eggs
k0986,Unicorn
k0987,Nutmeg
k0987,Sugar
k0988,Milk
k0988,Ice cream
k0988,Apple
k0988,Nutmeg
k0988,Bread
k0988,Unicorn
k0988,Butter
k0989,Kidney Beans
k0989,Sugar
k0989,Yogurt
k0989,Bread
k0989,chocolate
k0989,Dill
k0989,Apple
k0989,Onion
k0989,Corn
k0990,Eggs
k0991,Butter
k0991,Cheese
k0991,Eggs
k0991,Milk
k0991,Sugar
k0991,Onion
k0991,Unicorn
k0991,Nutmeg
k0992,Nutmeg
k0992,Milk
k0992,Dill
k0992,Bread
k0992,chocolate
k0992,Ice cream
k0992,Unicorn
k0993,Sugar
k0993,Ice cream
k0993,Corn
k0993,Butter
k0993,Apple
k0993,Kidney Beans
k0994,chocolate
k0994,Butter
k0994,Sugar
k0994,Unicorn
k0994,Onion
k0994,Dill
k0995,chocolate
k0995,Bread
k0995,Unicorn
k0995,Eggs
k0996,Apple
k0996,Nutmeg
k0996,Kidney Beans
k0996,Corn
k0996,Yogurt
k0996,Milk
k0997,Dill
k0997,chocolate
k0997,Corn
k0997,Apple
k0997,Sugar
k0998,Eggs
k0998,Sugar
k0998,Butter
k0998,Nutmeg
k0998,Cheese
k0998,Corn
k0998,Kidney Beans
k0998,chocolate
k0998,Ice cream
k0998,Yogurt
k0999,Milk
k0999,chocolate
